sequence,lamella_period
CCCBBCCCCBBBCBBCCCCCBBBBCCCBBBBC,15.2197324968
BBBCBBBBBCCBBBBBBBBBBCCBBBBBBBBB,15.07119178351
CCBCBCBCBCBCCCBBBBBCCCBBCCBBCCCC,15.32855539841
BBBBBBBBBCBCBCCCBBBBBCCBBBBBBCBB,15.02649630231
BCCCCCCCCCCCCCCCCCCCCCCCCCCCCCCC,16.7567540911
BCBCCBBCCCBCBBBCCCCCCBCCCBBCCBCB,15.3606689291
BBBBBBBCCCCCCCCCCCBCCCBBBCCCCCCB,15.99794280091
BCCCBCCCCCCCBCBBBCBCCCCCCCCCCBBB,15.583017733
BBCCCBCCCCBBBBBBBBCBBBBBBBBBBBBB,15.8973827215
BCBBBCCCBBBBCBBBBCCBBCBCBBCBCCBB,14.53872406851
CCBBBBBBBBBCBBBBBBBBCCCCCCCCCCCC,16.90310044551
BBBBBBCBCCCCCBCBBBBBBBBBBBBBBBBB,15.2723458021
BBCBBCCCBBBCCCBBBBCCCBCCBBCBBBBC,15.1020454573
CCCCCCCCCCCCCCCCBBCBBCBBCBCBBBCB,17.0218740085
CBBBBCBBCCBCCCBBCBCBCBBCCCCCCBCB,15.55529446231
BCCCCCCCCCCCBBBBBBBCCCCCCCCCBBBC,15.220876261
CBBBBCBCBBCBCBBCBCBCBCCBCBBBBCBB,14.53979789751
BBCCCCCCCCCCCCCCCCCCCCCCCCCCCCCC,16.8062047147
BCCBBBBBCCBCCCBBBCBBBBCCBCCBBCBC,15.1527004396
BBCBCBBBCCBCBBCBBCBBBBBBCBCCCCCB,15.1257347523
BBBBBBBBBBBBBBBBCCCCCCCCCCBBBBBB,15.83282194251
CBBBCBCBCBBCBCBCBCBCCBCBBCBCBCBB,14.57454860911
CCCCCCCCCCCCCCCCBBBBBBBBCCCCCCCC,16.2626926274
CCCCCCBBBBBBBBBBBBBBBBCCCCCCBBBC,15.1507218774
BCCBBCBCBCCBCBCCCBCBBBBCCCBCBCBB,14.6400086806
CBBBCCBBBBBBBBBCCCCBCCCCBCCBBBBB,15.16333607891
CCCBCBBCCCCCBCBBBBCCBCCBCCCBBBCB,14.7916225164
BBCCBCBCCBCBCBBBCCCCBBBCCCCCCCBB,15.33417484
CCCCBBCCCCBCBBCCCCCCCCCBBBBBBCBC,14.8998738655
BCCCBBCBBCCBBCCCBBCCCCCBCCBBCCBB,15.2532073425
BBCCCCBBBBCCBBBCCCBBCBCCCCCBBBCC,15.3133271836
BBBBBBBBBBBBBBBBBBBBBBCCCCCCCCCC,17.23455936241
BBBCBCBBBBBCBBBBCCBBBCBBBCCCCCCB,15.24028508351
BBCCBBCCCBCCCBBCCBCBBBCCCBBCCBBC,15.2817300504
CBBBCCBCBBCCCBCCCCBBCCCCCBCBBBBB,14.56579353471
BBBBBCCCBBBBBCCCCCCCCBCBBCBBCCCC,15.71484079961
BBBBCBBBBBBBBBBBBBBBBBBBBBBBBBBB,15.28013860851
BCCCCBBBBBBBBBCBBBCBBBBBBBCCCCCB,14.9955448856
CBBCBCBBCCBCCCCBBCBCBBBCBBBCBBBC,15.09613237381
CBCBCCCCCBCBCBCBCCCCBCCCCCCCCCCC,15.9183092564
CCCCCCCCCCCCBBBCCCCCCCCCCCCCCCCC,16.2801526984
CBBCBCBBBCBCCCBCCBBBCBBCCBCBBCBB,15.05270898281
CCCBBBBBBBCCCCBBBCCBCCBBBCCBCBBB,14.5615246827
CCCCCCCCCCCCCCCCCCCCCCBBBBBBCCCC,16.203126163
BBCCCCCCCCBBBBBBBBBBBBBBBBBBBBBB,16.6190540425
CCCCCCCCCCCCCCCCBBBBBBBBBBBBBBBB,18.574337167
BBBCCCBCCBCCBBBCCBCBCCBCBBBCBBBB,14.58259982641
BCCCBBCCBCCBCCBBCBBBCCBCCCCCCCBC,15.086123651
BCCCBCCCCCCCBBBCCBCCCCBBCCBBBBCC,15.4477349994
BCCBBBBBBBBBBBBCCBCCBBBBBBBCCCCC,15.2481104401
BCCCBBBBCCCCCBCCCCCCCCCCCCCCCCCC,16.675783695
CBBCBBBCBBCCCBBBBBBCCCCCCBBBCBCC,15.44169761511
CBCCCBBBCCCBBBBBCBBCCCCCCBCCCCCB,15.3935009753
BCBCBBCCCBCBCCCBCBCCBCBCBCBCBCBC,14.87361030941
BBCBBBCBCCCBBBCBBBCCCCCCCCCCBCBC,15.786177711
BCCCBCCBCCCCBBCCBBBCCBBBCBCBCBCC,14.9106592627
BBCBBCCBCCBCCCCBCCCBBCBBBBCBCBCC,15.2852283713
BBBBBBBBBBBBCCCCCCCCCCCCCCCCCBCC,17.64847926971
CCCBBCBBCBCCBBBBCBBCCBBBBCCCCCBB,15.1138079868
CCBBBCCCCCCBBCCCCCCCCBBCBBBCBCBC,14.89051145551
CCCCCCCCBBBBBCCCCBBBBBBBBBCCCCCC,15.4789712008
CCCCCBCBBBBBBCBBBBCCCBBBBCCBBBBB,15.2927175617
BCCCCCCCCCCCCCCCBBBBBBBBBBBBCCCC,16.6476129939
CCCCCCCCCCCCCCCCBBBBBBBCCCCCCCCC,16.1680803044
CBBBCBCBBCCBCBCBBBBBBBBCBBCBCBBC,14.56185187411
BCCBCCCBCCBCBBBBCCBCCBBCBCBBCBCC,14.7926547913
CCCCCCCCCBBBBBBBBBBBCCBBBCCCCCCC,15.5457278924
BBBBBBBBBBCCCCCCCBBBBBBBBCCCCCCC,15.76035929451
BCCCBCBCBCCBCBCBCBCCBBCBCCBCBBCC,14.8202813947
BBBBBBBBBBBBBBBBBBBBBBBBCCCCCCCC,16.80818908641
BBBCCCBCCBBCBBBCBBCCBCCCCCBBCBBC,15.4052462571
CCCCCCCCCCBBBBBBBBBBBBBBBBBBBBBB,17.465465895
BCBBCBCCBBCBBBBBBBCBCBCCCBBBBBCB,15.16831186081
CCCCCBBBCCCCBBCCCBBBBCCCBBBCBCCC,15.3842929424
CCCCCCCCCCCCCCCCCCCCCCCCCCCCCCCC,16.7129330715
BBBCCCBCBBCBCBCCCCCCCCBBBBCBCCCB,14.90702619921
CCCBBBBBBBBBBBBCCCCCCCCBBCCCCCCC,16.5372453246
CCCBCCCCCCCCCCCBBBBBCCCCCCCCCCCC,15.950010901
CCCCBBCBCCCCBCCCBBCBCCBBBBBBCCBB,14.9974621186
BCCBBBBBCBBBBBBBBBCCCCCCBBBBBBCC,15.1172679994
CBCCBCBCBCBCCBBBCCCCBCBBCCCCCCBB,15.4815121092
BCCCCCCCBCCCCCCCCCCCBCCCBBCCCCCC,15.9015782144
CCCCCCCCCCCCCCCCBCCCCBCCCCCCCCBB,15.9690947875
BBBBBBBBBBBBBBBBBBBBCCCCCCCCCCCC,18.24456959291
CCCCCCBCCCCBCCCCBCCBBCCBBCBCBBCC,15.7074538553
CBBBCCBBBBBBBBBBBBBBBBBBBCCCCCBB,14.95478708461
BBBBBCCCCBBBBBBBCCCBCBBBCCCCCCBB,14.80445906861
CBBBBBBCCBBBBBBCCCBBBBCBBBBBBCCC,15.02794068341
CCBBBCCCCBBCBBBCBBBBBBCCCBBBBBBB,15.22643172981
CBBCCCBCBCCCCCCCBCCCCBBBBBBBCCCC,15.46137255811
BBCBBCCCCCCCBCBBBBCCBCCCCCCCBBBB,14.7080268455
CCBBBBBBBBCCBBBBBBBBBBBBCCCCCCCB,15.18273690911
CCCCCCCCBCBCBBBCBCCCCBCBCCCBCBCC,15.2182488684
CBBCBBCBBBCBCBBBCCBCBCBCBCBCCCBB,14.68051875051
BCCCBCCCCBBBCCBBCCBBBCCCCCCBCCCB,14.9809244808
CCBCCBCCCBCBBCBBCBCBBCBCBCBBCBBC,14.80445434761
CCCCBBBBBBBBBBBCBBBBBCBBBCCCCCCC,15.191835201
CBBBBBBBBCBCBCCCCBCBCCCCBCBBBBBC,15.27949703331
BBBBCBBCBCCCCCBBCCCCCCCCCCCBCCBB,15.81629962871
CBCCBBBBCCCCBBBBCCCBBBBBBBBCCCBB,15.078682831
CCCCCCCCCCCCCBBBBBBBCCCCCBBBBBBB,16.3969411801
CBCBCBCBCBBBBCBCCBBBCBBCBCBCBCCB,14.5630605359
BBBBCCCBBBBBBBBCCCCCCCCCCCCCBCCC,16.80336525571
CCCBCCCCBCCCBBCBBCCCBBBBBBBBBCCC,15.5669027724
CBBCBCBCBBCBCBCBCBCBCBCBBCBCBCBC,14.63871735151
BBBBBBBBBBBBBBBBBBBBBBBBBBBBBBBB,15.29019895951
BBBBBBBBBCCCCBBBCCCCCCCCCCCCCCCC,17.3750333091
BBBBCCCBBBCBBCBBCCCCCBBCCCBBCCBB,15.2662468331
CCCBBBBBBBBBBBBCCCCCCCCCCCCCCCBB,16.2811962462
CCCCCCCCCCCCCCCCCCBBBBBCCCBBBCCC,16.2004612297
BCCBBCBCBBCBCBCBCBCBBCBCCCBCCBBB,15.0888435436
BBCCCCCBBBBCCCCCCCCCCBCCCCCCCBCC,15.8545694379
CBBBBBBBBBBBBBBBBBBBBBCCCCBBCCCC,15.97980291161
BBBCCBBBBBBBBBBBCCBBBBCCCBBBBBBB,15.00691204481
CBBBBBBBBBBBBBBBBBBBBCBBBBCCCCCC,15.65899402371
BCBCBBCBCBCBBCBCBBCBBBBBCBBCBBCC,14.56384363921
BBBBBCCCCCCCCCBBBBCBBBBCBBBBCCCC,15.29747140641
CCBBCCCBCBCCCBBBCBCBBBBCCBBCCBCC,15.41458381031
CCCCCBBCCCCBBCCBBBCCCCBBCCCCCCCC,15.3222100184
CCCCCCCCCCCCCCCCCCCCCCCCCCCCCCCB,16.4034653368
CBBBCCCCCCCCCCCCBBCCBBCBCBBBCCBC,15.01536148621
CCBCCCCBCBBBCCCCCCBCCCBCCCCBCCCB,15.76045514781
BCCCCCCBBCCCCCCCCCCCCCCBBCCBBCCC,15.4609811136
BBCBBCCCCCBCBCCBBCCBBBCBBCCCBBBC,14.7072004477
BBBCBCCBCCBCBBCCBCBCBBCBBBBCBBBB,14.59683376431
BBBBCCBCBCBBBBBCBCBBCBBBCBCCCCBC,14.74793936591
CCCCCCCCCCCBBCCCCCCCCCCCCBBBBBBB,15.9235160913
CCCBCCCCCBBBBBCCCCCCBCCBCCCBBBBC,15.3422369901
CCBCBCBCCBCCBCCCCBBCCBCBCBBCBCCC,14.98373784671
CBBBCCBBCCBBBBCCCCCCCCBCCBBBBBBB,15.01123253091
BBCBCCBCBBCCBBCBCCCCBBCCBBCBCCCB,15.459410539
BCBBBCCCBCCCBCCCCCCCCBCCCCCCCBBC,15.69338249941
CCBCCCCCCBBBCCBBCCCCCBCCBCCBBCBB,15.47940979011
CCCCCBCBBBBBCBBCBCCCBBCBCBCCBCBC,15.2360482341
BBBCBCBCBCCBCCBBBBCCBCCCBBCBCBCC,14.9525502951
BBCCBBBCCCBBBBBCCCCBCBCCCBBCCBBB,14.6373195432
CBBCCBBCCBBCBCCCCBCCCCBCCCBBBCBB,15.18595802871
BCBBCCBCCCCCCCCCCBBBCBBCCCBCCBBB,15.26046152611
CCCCCCBBBBBBBBBCCCBBCBCCBBBBBBBB,15.3545703651
CBBCCCCCCCBCBBCCCCCBBBBBCBBCCCCC,15.48179693621
CBBBBBCCBBBBCBBBBBCCCCCCCBBCCCCB,15.59231869471
BBBBBCCBBCCBBCCBBBCBBBBBCCBCBCBC,15.12214122451
BBBBBBBBBBBBBBBBBBBBBBCCCCCCCCCC,17.23529796931
BCBCBCCCCCCBCCBBCBCCCCCBCCBCCCCC,15.52432726171
BBBBBBBBBBBBBBBBBBBBBBBBBBBBBBBB,15.29191101621
BCCCBCCBBBCCCBCBCCCCBBBBBBCCCCCB,15.2837044725
BCBBBCBBCCBCCBCBCCBBBCBCBBBBCBBC,15.04627862251
CBBCBBBCCCBBBCBBCCCCCBBBCBCBBBCC,15.36826597431
CCBCCBBBCCBBBBCBBCBCCBCBBCBBBBBC,15.08043111791
BBBCBCBBBCBBCBBBBBCBCCBCBBCBBCBC,15.23831975361
CCCCCBBCCCCCBBBBBBBBBBBCCCCCCCCC,15.501488789
BBCCCCBCBBCBCBBCCBBBCCCBBCCCCBBC,15.2579185298
BBBCBCBBBCCBBCBBBBCBBCBCCCBCCCCB,15.34623335251
BBCBCBBBBCCCBBCCCCCCBBBBBCBCCCBB,14.6866762083
CCCCCCCCCCCCCCCCCCCCBBBBBBBBBBBB,18.3021509635
BBBBBBBBBBCCCCCCCCCCCCBBBBBCCCCC,16.1079808531
BBBBBBBBCCCCBCCCCCCCBBBBCBCCCCBB,15.51172218731
BBBBCBBBBBCCBBCCBBCCCBBBCBCCBBBB,15.09638676171
BBCCBBBBBCCCBCBBBBBBCBBCBBCBCCBB,15.1618476743
BBBBBBCCCCCCCCCCCCCCBBBBBBBBBBBB,14.93544639671
CCCCCBBBBBBCCCCBBBBCCCCCCCCCCCCB,15.6089772581
CCCCCBBBBBBBBBBBBBBBBBBBCCBCBCCC,15.0280552308
CCCCCCCCCCCCBBCCBBBBCBBBBBBBBBBB,17.6128267726
BCCCCCBBBBBBCBBBBBBCCCBBBBCBBCBB,15.1288973075
CCCCCCCCCCCCBBBBBBBBBBBCCCCCCCCC,16.0469791173
BBBBBBBBBBCCCCCCCBBBCCCCCCCCBBBB,15.62280106611
BBBBBCCBBBCCBCCBBBCBCCBBBBBBBBCC,15.03710581111
BCBCCCBBBBBCCCCCBBCCCBCBBBCBBCCB,14.68351898031
BCCCCCBBBBBCCCCCCBBCBBBCCCCCCCCC,15.6361205642
BCCCBBBBBBBBBBBBBBBCBBCBBBCBCCCC,15.012695667
CCBBBBCCCCCCBBCCCCCCCCCCCBBBBBBB,15.03599093181
CCBBBBBBBBBBBBBBBBBBBBBCCCCCCCCC,16.75132764021
CCCCCCCCCCCCCCCCCCBBBBBBBBBBCCCC,16.8279147198
CBCBCCBCBBBBBBBBCBBCBCBBBBCBCCBB,15.1902515705
CCCCCCCCCCCCCCCCCCCCCCCCCCCCCCCC,16.7346109005
CBBBCCBCBCCBCBCBBBBBBBBBBBBCBCCB,14.7490284481
BCCBBCBCCBBBCBCBCCCCBBCBBCCBCBCB,15.1386143356
BBBBBBBBBBBBCCCCCCCCCCCCBCCCCCCC,17.75192123471
BCBCBCBCBCCBBCBCBCCBCBCBCCBCCBBC,14.80374987011
BBCCCCBBCCBCCBBBCCCBBBBBCCCBCCCC,15.3287918204
BBCCCCCCCCCBBBBBBCCCCCCCCCBBBBBB,15.3315724218
BBCCCCBCCBCBCBCBCCCCBCCBCBBCCCBC,15.0676335402
BBBBBBBBBBBBBBBBBBBBBBBBBCCCCCCC,16.53533694091
CCCCBBBCCCBCCCBCCBBCBBBCCBCBBBCC,15.2997700259
CCCBCCBCCCBCCBBBCBCCCBCCBCCBCCBB,15.3369401678
BBCCCCCCBBBBBBCCBBCCCCCBCCCCCCCC,15.801609871
CBBBBBCCBCCBCBCCBBBCCCBCCBBCBCBC,15.45695059631
BBCBCCBCCCCBCCBBCBCCBBBCBCCCBBBB,15.1365681089
CBCCBCCBCBCBBCCCCCBBCCCBBCBBBCBC,15.4256303496
BBBBBBBBBBBBBBBBBBBBBBBCCCCCCBBB,15.49337025941
BBCCCCBBBCCBCCCBCCBBCCCBCBBCBCBB,15.1551580962
BBBBBBBBBBCBBBBBCBBBCBBCBCCCBBBB,14.85409250561
BBBBBBCCCBBBCCCCCCCBBCCCBBBCCCCC,15.69723418011
CBCBCBCBBCCCBCCBCCBCCCCBCBBCBBCC,15.5388536631
BCCCCBCCCBCBCCBBCBCCCCBCCCBBCBCC,15.094494921
BBCCCCCCCCBBBBBBBBBBBBCCCCCCCCCC,15.5308406184
CBBBBCCCBCCCCBCCCCBCBBBCBCCCCCCB,15.51023420261
BBCBBBBCCCBCBBBCBCBCBBCBCBBBBCBC,14.5652074692
CBBBBCCCCCCCCBBBBBBBBBBBBBBCCBBB,15.49070443791
CCCCCCBBBCCCBBBBBBBBBBBBBBBBBBBB,16.5646325825
CCCCCBBCCCCCBBBBBBBBBCBBBBBBBBBB,16.5317716323
CCCCCCCCCCCCCBBBBBBBBBBBBBBBBBCC,17.0702110637
BCCCCBBBCCCBBBCBBBBBCBBBBCCBBBCC,14.6831167282
BBBCBBBCCBCCCBBBCBCBBCCCCBBCBBCB,15.13832901871
BBBBBBBBBBBCCCCCBBBBBBBBBBBBBBCC,15.02795381
BBBCCCBBBCBBBCCCCCCCCCCCCCCBBBBB,15.28411159851
BBCBBCBBBCCBCBBCCBBBCCCBBBBCCCBC,15.257132472
CCCBBBBBBBBBBBCCCCBBBBBBBBBBCCBB,15.0215981756
CCCCCCCCCCCBCCCCCCCCBBBBBBBBBBCB,17.3451721572
CCBCBCCCCBBCBCBBBCCCBBCCCBBCCCCB,15.31847318481
CCCCCCCCCCCCCCCCBBBBBBBBBBBBBBBC,17.8761472582
CCBBCCCBCBCCCCBBCCBBBBBCCCBBBBCB,15.24991098251
BCBBBBCBBBBBBBCBCCBBBBBBBBBBBCCB,14.58679605171
CCCCCCCCCCCCCCCCCBBBBBBBBBBBBBBC,17.9600159878
BCCCBBBCCBCBBCBCBBCCCBBCBBBBCBBB,15.0536066578
CBBBCBCCCBBCBBBBBBBCCCCCBBCBCCCC,15.36041302191
BCCCCCCCCCBCCCBCCBCBBCCCCCCCBCCC,15.6285011714
CCCCCCCCCBBBBBCCCCCCCCCBBCCCCCCC,15.8199039927
BBBBCBBCCBBCBBCBBCBBBBCBCBBCCBBC,15.24153779881
BCBBCBCBCBBCBCBCBCBCBCCBCCBCBCCB,14.83065193991
BBCBBBCCCBCBCBCCBBBCCBBBCBBBBBCC,15.0677554084
BCCCCCBBBBBCCCBCCCCCCBBBBBBBBBBB,15.3407022547
CBCBCBCBCCCCBBCBBCCBBBBBBBBBBBBC,15.3574768407
CBBBBBBBCBBBBBBCBBBBBBBBBBCCCCBB,14.60859792421
BBCCCCCCCCBBCCBBCBCCCCCCCCCCCCBB,15.6097584875
BBBCBCCCCCCCCBBBBBBBBBBBBBCBBBBB,15.94020829591
CCCCCCCCBCBCCCCCCCCCCCCCCCCCCCCC,16.4826587195
BBCCBCCCBBBCCCCCBBBCCCCCCBBBCBCC,15.4381285496
BBBBBBBBBBBBBBBBBCCCCCCCCCCCCCBB,17.08075523221
BBBCCBCBBBBCCBBCBCBCBBBCBCCBBCBC,14.62805320951
BBCBCBBCBCBCBBBCBBBBBBCBCBCBBCCB,14.5220169183
BBBBBCCCCCCCCCCCCCCCCCCCCCCCCCCC,17.16707177861
CBCBBCBCBCBCBBBCBBCBBBCBBCBCCBCB,14.5839041819
BCCCCCCBBBCCBBBCBBBCBBCCBBBBCCBB,15.2760621464
BCBBBBBBBBBCCCBBBBCCBBBBCCBCBCCB,15.21201852741
BBCBCBBCBCBBCBBBBBBBBBBBBCBBCBCB,14.6593156824
BBBBCBBBCCBBBBBBCBCCCBBCBBBCBBCB,15.04936403071
BCBBCCCBBBBCBBBBBCBCBCBBBCBCCCCB,15.08342193711
CBBCCBCBCBBBCCCCBCCCBBBBCCBBBCCB,15.30703547781
BCCCCCCCCCCBBCBBCCCCCCBBCCCCBBBC,15.1845307076
BBBBBBBBBBCCBBBBBBCCCBCCCCBBCBBC,15.58338987881
CBBBBCBBBCCBCCBBCCCCCBCCBBBBBCCC,15.39322039341
CCCCCCCCCCBCCCCCCCBCCCCCBCCCCCCC,16.1714280223
CCCBBBBBBBBBBBBBBCCCCCCBBBBBBBBB,15.0844109908
CCCBBBCCBBBBBBBBBBCBBBBBBBBCBBBC,14.944565635
CBBBBBBBBBBBBBBBBCCCCCCCCCBBBBBB,15.59036269551
CCBBBCCCBCCBCBBCCBBCCCBBBBBCCBCC,14.7781366141
CCCBBBBBBBBBBBBBBBBBCBBBBBBCCCCC,14.9501900694
CCCCCCBBCCCCCBCBCCCCCCCCCBCCCCCB,15.5412969857
BBCCBBCBCCBBBBBBBCCCCCCBBCCBBCBB,15.0956356975
BCBCBBCCCBBCBBBBCBCBCCBCBCBCCBBB,15.23209807131
BBBBBCBBBBBBBBCCBCBCCBBCCBBBBCBB,15.12540213771
BCBBCCCCBCBBCCCCCBCBCBCCCCBCBBCB,15.3213445551
BBBCCBBBBBBBBBBBBBCBCCBBCBCBCCCC,15.13477885851
CBBBCCBCCBCCCCCBBCCCCCCCCCBBCCBB,15.45118571251
CCBBBBBBBBBBBCCBCCCBBBCCCCCCBBBB,15.27624475511
BBBBBCCCBBBBCCCCBCCBBBBCBBCBCBCC,15.26915758021
CBBBCBBCBBCCCCBBBBCCCBCCBCBBBBCB,15.0680764781
BCBCBBBCBBCCBBCCCCBCCCBBBBCBBCCC,14.85639318151
CBCCCCCBCCBBCCCCCBBCCBBBBCBCBCCB,14.9727796034
CCBCBCCCBBBCBCBCBBBCBCCBBBBBCBCC,15.33969763981
BCBCCBBCCBCCBCCBBBCCBCCCCBBCBBCB,15.36158912971
CBCBCCBBCBCCBCCCCBCCBCBCBCBCBCBB,14.6982879816
BBBBBBCCCCCCCBBBCCBCBCCCCCBCCCCC,16.13828309391
CCBCCBCCCCCCCCBCCCCCCCCBCBCCCBBC,15.72079868251
BBBCCCCCCCBBCCCCCBCCCCBBBCBBBBBB,15.22099922261
CBCCBCCCBCBBBBCCCBCCBBBCBCBCBBCB,15.3445689692
BBBBBBBBBBBBBBBBBBBBBCBBBBBBBBBB,15.21219759111
CCCCBBBCCCCBBBBBCCCCCCCCCCCCCCCC,16.1149216145
BCCCCCCBCCBBBBCCCBBCCBBCCBCCBCCB,15.3267934158
BBBBCCCCCCCBCBBBBBBBBBBBBBBBBBBC,15.69183225561
CCCBBCBBBBCBCCCCCCCBBCBCCCCCCCCC,15.7851789265
CCBBBBCCCBCBBBBBBBCCCCBCBBBBBBBC,15.03982974351
BCBBCBCBBBCBBCBCBCBCBCBCBBCBCBBC,14.61598037671
CCCCCCBCCCCCBCCCCBBBBBBBBBBBBBBB,17.6106077673
BBBCCCCCCCCCCCCCCCCCCCCCCCCBBBBB,15.05954145291
BCCCCCBBCCBBCBCBBBBCBBCBCBCBCBBB,15.2328566943
BBBBBBBBBBBBBBBBBBBBBBBBBCCCCCBB,15.27518568111
CCCCCCCCCCBBBBBBBBBBCCCCCCCCCCCC,15.769068579
CBBCCBCCBCBCBBBCBBCCCBCCBBCBCBBC,15.18486024831
CCCBBBBCCCBCBBBCBCCCCBBCBBCCCCBC,15.4875670384
CBBBBBBCBCCBCBCBBCCCBBCCCBCBCCCC,15.76271927521
CCCCBCBCBBBBCBCBCBCCCCBCCCCCBCCC,15.6470878988
BCBBCBBCCBBCBBBCCCCBCCCCCBBCCBCB,15.54957420831
BBCBBCCBBCCCBBBBCCBBBCBCBCBBCBBB,15.1671742186
CBCBCBBCBBCBCBCBBCBCBCBCCBCBCCBB,14.6015889394
BCCBCCCCBCBCCCBCCCCBBCCCBBBBBBCC,15.3507364185
BBBCBBCBCCCCCCBCCCBBCBCCCBBCBBCC,15.60477843781
CBBBBCCCBBBBBBBBBBBBBBBCCCCCCCCC,15.67349255921
CCBCCCCCCCBCCCCCBBBCCBCBBBCCCCCB,15.75054084741
CCCCCBCCCCCBCCCCCBCCBCBBCCBCCCBB,15.7243617416
BBBBBBBCCCCCBBBBBBCCBBBCCBCBBBBB,14.99465658991
BCBCCCCBBBCCCBCCCBCCBCCBCCCBBCBB,15.4197301361
BCCBBBBCBCCBCBCBBCBBBBCBCBCBCBCB,15.0479466604
BBBCCBCCCCCCCCBBBCCBCBCBCCCCCCCC,15.57358544651
CBBBBBCBCBCBBBBCBCBCBBBCBCBCBCBB,14.55893104621
BBBBBBBBBBBBBCCCBBBBBBBBBBBBCBBB,15.07445807031
BBCBCCCCCBBCBCCCBBCBBBCCCCBBCBCB,14.7416810992
CCCBBCBBBCBCBCCBCBCCBCBCBCBCBCBB,14.610303024
BBBBCCCBBBBBBBBBBBBBBBBBBBBBBBBC,14.97157031121
BCCBBCBCCBCBCBCCBCCCCBCCBCBBBCCC,15.0174598934
BCCCCBBBBBCCCBBBBBCCCCBCCCCCCBCB,15.3331889476
CCCBBCCBBBBBCCCCCCCCCCCCCCCCCCCC,16.6162644108
CBBBBCCBCBBCBCBBBBCCBBCBCCCBBBBC,15.25283455731
CCCBCCCCBCBCBCCCBCCBBBBBBBBBCCBC,15.5331159957
CBBBCCBBBCBBCBCBCBCCCBCBBCCBCBBB,15.25422302851
CCCCCCCCCCCCCCCCCCCCCCCCCCCCCCCB,16.3794336051
BBBCBCCCCCCBBBBCBBBBCCBBBBBBCBCC,15.18209827521
CCBCCBCBBBCCCCBBCCCBCCCBCBCBBCCB,15.27754904971
CBCCCCCBCBCBCBBBBBBBCCBCBBBCBBCB,15.3561876076
BCCCCBCCBCCCBBCCCCBCBBCBBBCCCCCC,15.5452079175
BBCCBBBBBBBBCBBBBBBBCCCCCCBCBBBB,14.7265107173
BBCBCBBBBCBCCCBCBBBCBCCCBCBCCCBC,15.4657356213
BCCBBBBBBBCCCBBBBBBBBBBBCCCCCCCC,15.479675048
BBCCBBBBBBBBBBBCCCCCCCCCCCCCBBBB,15.7562091724
BCCBBBCCCCCBCBBCBBBCCBBCCCBBBCCC,15.2745808728
BBBBBBBBBBBBBBBBBCCCBBBBBBBBBBBB,15.11869353421
BCBCBCBBBBBCCCBCCBCCCBCBBCCCBBBB,15.28035116511
CBCBBCBBBCCCCCBBCCCCCBBCCCCCCBCB,15.5831435396
BBCCCCCCCBCCCBBCCBCCCBCCCBCBBBCB,15.3472463838
BCBCBBCCBBBBCCBBBCBCBBBBCCCBCCCB,15.14617232911
CCCCCCBCCCBBCCCCCCCCBCCCBBCCBBCC,15.316243031
CBBBBBBBBCCCCCCCCCCBBBBCCCCCCCCC,16.17294577311
BCCBCCCCCCCCCCCBBBBCBCCCCCCBCBCB,15.5330775789
BBCBBBBBBBCCCBBBCCCCCCBBCCCBCCCC,16.2349824075
CCCBBBCBCCCCBBCCCCBCCCCCBCCCBBBB,15.2294906155
CBCBBCCCCBCCCCBBBBCCCBBBBBCBBBBC,14.8829625941
BBBBCCCCCCCBBBBBBCBCBCBCCCCBBCBB,15.13689591261
BBBBCCCBBBBBBBBBCCCBCBCCCCCCBCBB,14.99389838921
CCCBCCCCBBBBCCBBBBCCBCCCCCCCBCCB,15.3776174785
CBBBBCCCCCCCCCCCBBBBCCCCCCCCCCCC,16.08716697581
BBBBBBBBBBCCCCCCCCCCCCBBBBCCBBBB,15.29501763571
BCBCCCCBCBCCBBCBCCBCBBBBCCCBCBCB,14.74951352251
CCCBBCCCCCCCCCCCBCCCBCBBCCBCCCCB,15.2488691001
BBBBBCCCCCCCBBBBBBBBBBBBBBBBBCCC,15.25253453761
CCCCBBBBBCCCBBBBBBBCCCCCCCCCCCCC,15.9702948138
CCCBCCCBCCCCBCBBBBCCBCCCBBCBBCBB,14.9820588596
BBCCBBBBBCBBBBBCBCCCCBBBBCCBCBBC,15.1533778261
BBBBBCBBCCCCCCCBCCCCBCCBBBBBCBBC,14.72398441561
BBBBBBBCCCCCCCCCCCCBBBBBBBBBBBBC,14.97729649651
CCBBCBCCCBBCCCCBCBCCBCCCCCCCBCBC,15.342421931
CBCCBBCBCBBCBCCCBCBCBBBCBBBCBBCB,14.6336274957
CCCCCCCCCCBBBBBBBBBBBBBBBCCCCCCC,15.8736370392
CBBCCBBBCBBBCBCCCBBCBBBBCCCCCCCC,15.54023266451
CCCCCCCCCCCCBBBBBBBBBBBBBBBBBCCC,16.5951950594
BCCCBCBCCCBCCCBCBCBCCCBBCBCBBBCB,15.2296765532
CBBCBBBBBCCBCCCBCBBBBBBBCCBBBBBB,15.00027273631
CCBBCCBCBBBBCBBBBBBBBBBBCBBBCCCC,15.03351644521
BBCBBBCBBCBBBCBBBBBCBCCBCBBCCCBC,14.8047844999
CCCCBCBBBBBCBBBBBCBBCCBCCCBBBCCB,15.1023254106
CCCCCCBBBBBBBBBBBBCCCCCCCCCCCCCC,16.193719139
CCBCCCBBCCBCBCBBCBCBCBCCBCBCCBCB,14.72014625121
CBCBCBBBCBBBBCBBCCCCCCCBBBCCBBCC,15.3344841483
BBBBBBBBBBCCBBBBBBCBBBBBBBBBBBBB,15.10226859981
BBBBBBBBBBBCCCCCCCCCCCCCCCCCCCCC,18.03234973061
CBCCBCBBBBBCBCCCCBBCCBCBBCCCBCCC,15.5872487968
CCCCCCCCCCBBBBBBCBCCCBBBBBBCCCCC,15.6378965282
CBCCBCBCBCBCCCBCCBBCBBCCCCBBCCBC,14.9033454942
CCCCCCCCCCCCCCCCCCCCCCCCCCCCCCCC,16.7236739122
CCBBCBBBBBBCCCBBBBBBCCCBCBCCBBCC,15.20060381
CBCCCCCBCCCCBBCCBCCCCBBCBBBCBCCB,15.4649291633
BBBBBBBBBBBCCCCCCBBBBCCCCBCCBBBB,15.40781742991
BCBCCBBBBCBCBCBBCBBCBCBBBCBBCCBB,14.54743559961
CCCCCBCCCCBBBBBCCCCBCCBBCCCCCCBB,15.4106653407
BBBBCBBBBBBBCBCBCCBBBBCBBBCBCBBB,15.1720681651
CCCBBBBCCCCCCBCCCCCBBBBBBBBBBCCC,15.2988063649
BBBBBBBBCCCCCBCBBBBCBBCBBBCCBBBB,15.00787368311
BBBBBBBBCCCCCCCCCCCCBBBBBBCCCCCC,15.83795767091
BCCCCCBCBCCBCBBCCCCBCBCBBBCBCCBB,15.2835015402
BBBBBBBCCCCBBBBCBCCCBBBBCCBBCCCC,15.47467873671
CCBBBCBCCCBBCCCCBCCCCBCBCBCBCCCB,15.01226156081
CCBCBBCBCBCBCCBCBCBCBBCCCCCCCCCC,15.54130323291
CCBBBBCCCCCCBBBCCCCCCCCBCCCCCCCB,15.87063848451
BBBBCCBCCCCCCBCBBBBBCCBCBBBBBCCB,15.16193022561
BCBCBCBCBBBBBBCCCCBCBCBBBCCCCBBB,14.630746481
BBCBCBBCBCBBBBCBBCBCCBCBBBCBBCBC,14.5575476207
BBBBBBBCBBBCCBBCCCCCCCCCCCCCCCCC,17.58778964031
BCCCCCBBCCCCCCBCCBBCCBBBBCBBCCCC,15.4919579812
CCBCBBCCBCBCCCCCCCCCBBBBBBCCCCCC,15.55344189591
CCCCBBCBCCCBCCCCCCCCCCCCCCCCBBBB,15.3785336438
BBCBCCCCCBBBBBBBCCCBCBBCCCCCCCBB,15.2530235531
CCCCCCCCCCCCCBBBBCCCCBBBBBBBCBBB,16.7601017813
CBBBBCBCBCBBCCBCBCBBCBBCBCBBCBCB,14.56421388671
BBBCBBBBCBCCCCCCCCCCBBBCBBCCBCCC,15.69482525041
BBBBBCBBBBBBBBCBBCCBBBBBBBBBBBBB,15.07770647571
CCCBBBCCCCBBBCCBBBBCCCCCBBCCCBCB,14.7789992801
CCCCCCCCCCCCCCCCCCCCCCCCCBBCCCCC,16.3759785474
CCCCCCBBBBBBBCCCCCCCCCCCCCBBBBBB,15.218444498
CCCCCCBBBCCBCCCCCCCCCBBCCCCCCCCB,15.7883075502
BBBCCCCBBCCCBBBBBBCCCCCBCCCBBBBC,15.18971627751
BCCCBBBBBCCBBBCCCBBCCCCCCCCCCBBB,15.4030494482
BBCCCCCBBBCBBCBBCCCCCCCCCBBBBBBC,15.1810726468
BCBBCBBCBCBCCBCBCCCCCCCCCCBCBCCB,15.78689862231
CCCBBBBBBBBBBBBCCCCCBBCCCCCCCBBB,15.4804889856
CCBCBBBBBCBCCBCCBBCBBBBBBBBBBCBB,15.11198583691
BBCBBCCBBBCBCCBCCCCCCBCCBCCCBCBB,15.4532347112
CCCCCCCCBBBBBBBBBCCCCCCCCCCCCCCB,15.5375962604
BBCCCCCBBBBBBBBBBBBBBBBBBBBBBBBB,15.8416354645
CBBBBCCCCCCBBBBCCBCCCCCCCCCCCCCC,16.28389523281
BBCBCCBCCCCCCCBBBBBCBBBCBBCCCBBB,15.2457690548
CBCCBBBCCCCBBBCCCCBBCBBCCBCBBCBB,14.6160374577
CCCCCBCCBCCCBCCCCCCBBCBCBBCCCCCC,15.3907338742
CCBBBBBBBBBBBBBCBBBBBBBBBBBBBBBB,15.32380805291
CBCBCBCBCBCBCBCBBCBCBBBCBCBCBCCB,14.6437640274
CCCBBBCCBCCBCBBCBCCBBBCCCCBBCBCC,15.4635551191
CCCCBCCCBCBCBCBBCCCCCBBCCCBCCCCC,15.3433922057
CBCBCBCCBCBCCBCBCCBCCBBBCCCCCCBB,15.4913129676
BCBBCCCCBBBBCCCCCCCCBBCBCCCBBCCC,15.20681496821
CBBBBBBCBBBBBBCCCCCBBBBBBBBBBBBB,15.02084603851
BBBCCBBCBCBBCCCBBBCCCCCCCCCCCCBC,16.12060320351
CCBBBBBBBBBBBBCBBBBBCCCCBBCCCCCC,16.09704662151
CCCCCCCCCCCCCCCCCCCCCCCCCCCCCBBB,15.7794619221
CCBBBBCCCBBBBBBCCCCCCCCCBCCCCBCC,15.94054200751
BBCCCCCCCCCCCCCCCCCCCCCBBBBBCCCC,15.885965855
CCBCBCBBCCBBCCBCCCCCCCCCBCCCBCCB,15.32330584691
CCCCCCCCCCCCCCBBBBBBBBBBBBBBBBBB,18.3128021358
BCBBBCBBCBCBCBCCBBBCBBBBCBCCBCBC,14.61983733761
CBBCBCCCCBBCCBBBBCCCCBBCBBBBBCCC,15.36367373471
BBCBBBBBCCBCCBCBCCCCBCCBBCBCCBBC,15.4435565095
BBBBCCCCCCCCCCCBBBBBBBBBBCCCCCCC,15.62996581871
CBCCCBCBBCBCCCCBCCCBCCCBCBBCCCBC,15.4947279941
CCCCBBCCCBBBBCCCCBCBBBCBBBBBBBBB,15.490595337
BCCCCCBCBCCBCBBCBBBCCBBCBBBBBCBC,15.3549392742
BBBBBBCCCCCCCCCCBBBBBBCBBBBCCCCC,15.40301342421
BBBBBBBBBBBBBBCCBBBBBBBCCCCCBBBB,15.29456410161
CCCCCCBBBBBBBBBBCBBBBBBCCBBBBCCC,15.2036559461
BBBBBBBCBBBBBBBBBBBBBBBBBBBCCCCC,15.18904847591
CCCCBBBBBCCBCCBBCCCCBBCBCBBCCCCC,15.4300294802
CCCCCCCCCCCCCCCCCCCCCCBBBBBBBCCC,16.3733753114
CCCCCCCCBCBCBCCBCBBCCCCBCCBCBBCB,15.1610138925
CCCCCCCBBBBBBBBBCBBBCCBBCCCCBBCB,15.2480351113
CBBCCBCBBBBBBBBBBBBBBBCBBCCCBBBC,14.95371871861
CBBBBBBBBBBBCBBCCCCBBBCBBCBCCBBC,15.31567114891
BBCCCCBBBBCCBBCCCBCCCBCCBCCCCCCC,15.6749693967
CCCCBBCCCCCCCBBBBBCBBBBCCBBCCCBC,15.0614910376
BBBBBBBBBCCCCCCCCCCCBCCCBBBBBBBB,15.13088180411
BBCCBBBCBBBCCCBBCCCCBCBBBBBBBBBC,14.9969299702
BBBBBBCCCCCCCCCCCCCCCCCCCCCCCCCC,17.3154458421
BBBBCBCCBCCBBBCBCCCBBCCBCCBBBCBC,15.27541707551
BBBCBBCBCBBCCCCBCBCCCBBBCBBBCCCC,15.42618992531
CCBBBCCCCCBBBBBBBBBCCCBBBCCCCBBB,15.11560811911
BCBCBBCBCBCBCBCBCBBCBCBCBCBCBBCB,14.58021931251
CBBBBCBCCBCBCCCCCBCCBCCBCCCCBCBB,15.43840721731
CCCCBBBBCBCCCCBCCCBBBBCBCCBBCBBC,15.2195964188
CCCCCCCCCCCCCCCCCBBBBBCCCCBBBBBB,16.7835727615
BBCCCCCCCCBCCBCCCCCCCCCCBCCCCCCC,16.2170031068
CCCCCCCBBCBBBBBCCBBBCCCCCCCCCCCC,15.6225736058
BBCCBCBBCCCBBCBBCBCCCCCBBBCBBBBB,15.0514789415
CBBCBCBCBBCCBBBBBCCCBCBCBCCBCBCC,15.2946067941
CBCCBBBCBCCBCCBBCCCCBBBCCBCBBCCC,14.8771535128
CBBBCBCCCCCCCBBCCCCCCCBBBBBBCBCB,15.16926246241
CBBCCCCCCCBBCBBCBCCBBBBCCCBBCBBB,15.28783226951
BCCCCBBCCCCBCBCBCCCCBCCBCCBCCCCB,15.1734096381
CCBCBCBBCBCBBBCBCCBCBBBCCCBCBCBB,15.10735256891
BCCBCBCBCBCCCCCBBBCBCBCCBCBCBBCC,15.4616941871
CCCBCBCCBCBCCCBBCBCCBCCBCCCCCBBC,15.0220293569
BBBCBBBBBBBBBBCBBCCCCBBCBBCCCCCC,16.1651723781
CCCCCCCCCCCCCCCCBBBCBBCCCCBBBCCC,16.0608769843
CCCCBBCCBBBBBBBBBBBBBBBCBBBBBBBB,15.8124265663
BBBBBBBBBBBBCCCCCCCCBBBBBBBCCCCC,15.82697196681
CBCCCBCBCBCBBCBCCBCCBCCCBCCBCBBC,15.3020351796
BCBCBCBBCBCCBCBCBCCBBCBCBCBCCBBC,14.72232538031
CCBCCBBBBCCBBCCBCCBCBCBCCBBCBBBC,15.31700191721
BCCCBCCCCCCCCCBBBBBBBCBBBBCCCCBB,15.669348719
CCBCBCBBBBCBBBCBBBBCBBBCBBCCCBCC,15.05564932311
CCCCBCCBCBCCCCCCBCCCBCCCCCCCCCBC,15.7017528301
BCCCCCCCCCCCCCCCCCCCCCCCCCCCCBBB,15.6950301475
CCCBBCCBBBCBCCCBCBCCCBBCBBBBCCBC,15.2170183781
CCCCCCCCCCCCCCCCCCCCCCCCCCCCCCCC,16.6999986491
BCBBCCCBBBCCBCBBBCCBBCBBBCCBCCBC,15.15527211681
CCCBBCCBBCCCBCCBCBBBBCCCCBCCCCCB,15.4246771737
BBCBBCCBBCCCBCBBCCBCCCBBBBBCBCBB,14.567123511
BCBCBBBBCBCCCBCBBBBCBCCBBBBBCCCB,15.05205357591
BBBCBBBBBBCCCCBBBBCCCBCCCBBCBCBB,15.2604060421
CBCBBBCBCBCBBCBBCBCBCBBCCBCBBBBC,14.5386845536
BBBBBBCCCCCCCBBBBBBBBBCBBBBBBBBC,15.16863239591
CBCBCBBCBCBCCBBCCCCCBCCCCCCBCCBC,15.482456389
CCCCCBBBBBBBBBBBBBBBBCCCCCCCCCCC,16.2408276397
BBBBCCCCCCBBBBBBBBBBBCCCCCBBBBBB,15.08749725341
BCBCCBCBCCBBCBCBCCBCBCBBBBCCCBCC,14.79179172481
BCCCCCCCBCBCBCBCCBCBCBBCBCBCBCBC,15.0371936722
BCCBBCCBCBCBBCBCBCCCCBBBCBCBBBCB,14.5904139339
BCCBCBCBBBCBBBCCBBBCBCBBBCCCBBBC,15.0833673823
CCCCCCCBBBBCCBCCBBCBCCBBCBBCCCCB,14.9701361745
BBBBBBBBBBBBBBBCCCCCCCCCCCCBCCCC,17.86536270481
BBCBBCBCBCBCBCCCBBBCCBCCCCBBCBBB,14.6332217336
BCBBBBCBBBBCCBCCBBBCBBBBBCBBCBBC,15.00134014281
CCCCCBCBBBCCBCCCBCCCCCBCCCCCCBBC,15.2402963511
CCCCCCCCCCCCBBBCCCCCCBBBBBBBBBBB,17.1068819454
BBCCCCCBBBCCCCCCCCCCCBCCCCCCBBBB,15.3046711083
CCCCCBCCCCBCCCCBBBCBBBBCCBBBBCCB,15.7692174182
BCCCBCBBBBBBCCBBBBCCCBCCCCCBBBBB,15.0474880082
BBBBBBCCCCCCCCCCCCCCBBCCBBBCCBCC,15.75369354011
CCBBCBCCCBBBBBCCBBCCCCBCBBBBBCCB,15.10356239611
CBCCCBBBBBBBBCCCCCCCBBBBBBBBBCCC,15.1303177038
CCBBBBBCCBCBCCCCBCBCBCBBBBCBCBBB,15.18750873141
BBBCBBBBBCCCCBCCCCCBBBBBBBCCBCBB,15.08592023321
CCBBBBBCBCCCCCBCCBCCBBBCCBCCBBBC,15.23662821461
BBBBBBBBBBCCCCCCCCCCCCCCCCCCCCBB,16.69794006861
BBBBBBCBBBBBCBBBBBBBBBCCCCBCBBBB,15.09890313751
CBBBBBBBCBCCCBBBBBBBBBCBBCCCCBBB,15.0201261061
BBBBBBBBBBBBCCCBBBBBBBBBCBBBCCCC,15.26970994961
CCCCCCCCBBCBBBCCCCCCCCCCCCCCBBBB,15.4145104368
CBBBCCCCCBBCCCCCCBBCBCCCCCCBBBBB,15.16659409361
CCCCCBBBCBCCCCBCBCCCCCCCCCCCBBCC,15.7683041898
BBCCCBBBBCCCCBCBCCBBCBCCBBBBCCCC,14.8573066085
CCCCCCCCBBBBBBBBBBBBBBBBBBBBBBBB,16.9297038171
BBBBBBCCCCBBBCCCCCCCBCCCCCCBBBBB,15.30109183921
BBCCCCCBCCBCBCBCCBBBBCCCCBCCCCCC,15.2173360473
BBCCBBBCCBBBBCBBBBBBBCBBCCCCBCCB,15.0685339922
CBBCCBBCCBBBBCCCBCCCCCCBBCBBBBCC,15.26279930281
BBCBBBCCCBBCCCBCBCBCBBCBCCBBBCBB,15.2344272064
BBBCBBBBCCCCCCCCCCCBBCCCCCCCBBBB,15.40770837061
BBBBBCBBCCCCCBCBBCBBBBCCCCBCCBBB,15.16955201961
BBBBBBBBBBBCCCCCBBBBBBBBBBBBBBCC,15.0387483471
BBBBBBCCBBCCCCCCCCBBBBBBBBBBBBBB,15.10190862241
CBBCCCCCBBBCCCCCCCCCCCCCCCCCBBBB,15.34631346331
BBBBCCBCCCCCBCCCCBCCCCCCBCCCBCCC,16.23568176441
BBCCBBBBCCCCBBBCBBBBCBCBBBCCBCCC,14.6741004211
BBBBBBBBBBCCCCBBBBBBBBBBBBBBCCCC,15.10827783151
BCCCCCBCBCCCCCCBCCCCBCCCBCBCCBBB,14.8708202859
BCCCBCBCBBCCCCBCCBCBCBBBCBBBBBBC,15.2017454444
BCCCBCCCCCCCCBBBBBBBBBBBBBCCBBBB,16.2944917143
BCBCBCBBCBBCBCCBCBCBCBBBCBCBCCBB,14.54037683591
BBCCCBCBCBCBCBCBCBBCBBCBCBCCCBBC,15.2038034797
BBBBCBCCCCBBBCCBCBCCCCCCBCCCCCCC,16.18611749261
CBCBBCCBCBCBBCBBBCCBCCCCBCBCBCBB,15.1626180058
CCBCBCBBCBBBBCBBCCCCBBBCBBCBCCCC,15.405400511
CCCBCCBBBCBCBBCCBCBBCBCBBCCBBBBB,15.1430768967
CCBBCBCCBBBCBCBCCBCCBCCBBBCCCCBC,15.51917964731
CCCCBBBCBBBBCBBBBBBBCCCCCBBCBCBB,15.0382990356
BCBCBCBCCBBCCBCBCBCBCBCCBCBCCBCB,14.74347407091
BBBBBBBBBBBBBBBBBBBBBCCCCCCCCCCC,17.41317633151
CBBCCBBBBBBCCCCCCBBBBBBCBCCCBCBB,15.07151676561
BBBCBCCCBCCCCCBBCBBBBCBBBCBBCCBC,15.22484127331
CBBCCCBBCCCCCBBCCCBCBCBBBCCBCBBC,15.27668605451
CBBBBBBBCBCBCCCCBCBBCBCBBBCCCCCB,15.52564671351
CBCCBCCCCBBCBCCBBBCBCBCBCCCCBBCB,14.7770468698
CBBCBBBCBCBCCCBBCCBCBCBBCBBCBCBB,15.04182442081
CBBCBCCBCBBCBCBCBCBCBCCBCBBCBCBC,14.69363836981
BCBCCBBBCBBBBBBBBBBCCCCBBCCCCBBB,15.04608943811
BCBCBCCBBBCCCCBBBCBCCBCBCBBCCBCB,15.32598179671
BBCCCCCBBCCCCCCCCCCCBCCBCCBCBBBC,15.0021833454
CCCBBBBBBBBBCCBBCCCBBBBBCCCCCCCB,15.3496150249
CCCCBCCCCCBBBCBBCBBBBCBBBBCBBBCB,15.8208625206
CBBBBCCCCCCCCCCCBBCCCCCCBBBBBBBB,15.00183357021
CBCCCBBBBBCBBCCBCCCBBCBCCCBCCBBB,15.1446556736
CCCCCCBBBCCCCCCCCCCCBCCCCBBCCCCC,15.9453597898
BBBBBBBBBBBBBBBBBBBBBBBBBBBBBBBB,15.28750220381
BCBBBCCBCCCCCCCCBBCBCBCCBCCCBCCB,15.51365794611
CCCBBBBBBBBBBBBBBBBCCCCBBCCBCCCB,15.256573981
CCBCCBCBCBBCBBBBBCBCBCBBBCBBCBCC,15.14468749661
CBCCCBCBBCBBCCCCCCBCCBBCBBBCCCCC,15.6132687899
CCCCCCBCBBBBBBCCCCCCCBBBBBBBCCCB,15.2727296371
CCBBBCCCCCBBCCCCCCCCCBBBBBBBCCBB,15.21570118021
CCCCCCCCCCCCCCCCCCCCCCCCCCCCCCCC,16.7170281133
CBBCBCCCCBCBCBBCBBBCBCBCBCCCCCCC,15.49046000561
BBCCCCBBBBCBCBBCCCCCCBCBCCCBCBBC,14.9058565202
BBBBBBCCBBBBBCBCCCCCCBBBCCCCCCCB,15.98185419241
BCBCCBCBCBBCBCBBCBBCBCBCBCBCCCCB,14.71463421441
BBBBCBBBBBCBBBCCBCBBBBBCCCCCBBBC,15.41047769531
BBBBBBBCCCCCCCCBBBCCCCCCCCCCCCCC,16.79602764811
CCBBCCBBCBCCBCCCBCCBBBCBBCCBCCCC,15.39488080771
BCCCBCBCCBBCBCBBBBBBCBBBBBCCCBBB,15.1455736669
CCCBBBBCBBCCBCCBCBCBCBCBBCCBBCCB,15.1636104605
CBCBBBBBCCBBBBBBBBBBCCCBBBCCCBBB,15.0084755454
BBCBCBBCBBCCBBCCCCCCBCBCBBBCCBCC,15.588358466
CBCBBCCCCCBCCBBCBBCCCCBBBCCCCBBB,15.2278409902
CCBBBBCCBBBBBBBBCBBBBBBBBCCCCCCB,14.56346035451
BBBCCCCCCCCCCCBBCCCCCCCCCBCCCBCB,15.81551325421
CCCCCBCCCCCCCCCCCCBBCBBBBCCCCCCB,15.5023995356
BCCCCCCCCCCCCCBBBBBBBBBBBBBBBBBB,17.9662036219
CCBCBBBBBBCCBBBBBBCBBBBBCCCCCCCB,15.15686725681
BBBBBBBBBBCCBBBBBBCCCCCCCCCCCCCC,17.60353771931
BBCBBCCCCCBBBBBBCCCCCCBBBCBBBBCC,15.1554664432
BBBBBBBBBBCCCCCCCCCCCBBBBBBBBBBB,15.10243985381
BBCCBBCBBBCCCBBBBBBBBCBBBCCCCCCC,15.276477238
CCCCCCCCCCCCCCBBBBBBCCCCCCCBBBBB,16.0225623993
CBBBBBCCBBBCBBCBBBCBCBBCBCCCBBCB,15.24815735271
CCCBBBBBBBBBCCCCCCCCCCBBBBBCCCBB,14.8057045004
CCBCCCCBBBCCCCBBBBBBBBBBBBCCBCCC,15.32798386731
BBCCBBBBCCCCCCCCBCBBBBCCCCCCCCCC,15.9188684804
BBBBBBCCCBBBBBCCBBCCBBCCBBBBBBBB,14.98671153371
CCCBBBBBBBBBBBCCCCCCCCCCBBBBCCCC,15.7781600491
CCCCCCCCCCBBBBBBBCCCCCCCCCCCCBBB,15.4745786325
CBBBCCCCBBBBBBBBBBBBBBBBBBBBBBBB,15.68558159151
CCCCCCCCCCCCCCCCCBBBBBBBCCCCCCBB,16.1879771778
BBCCBCBCCBCBBCBBCBBBCBBBBBCCBCBC,14.5841757731
CCCCCCBBBBCBBCCBCCCBCBCBCCBBBCCB,15.2705223
CCCBCBBCCCCBCBBCCBBCCBBBBCCCCBBB,14.7847763802
CBBBCCBBCBBCCBCBCCCCCCBCCBCBBBCB,14.77484643391
CCCCBCCBBBBCBCCCCCCBBCCCCCCCBCBC,15.565826959
CCCCCCCCCCCCCCCCCCCCCCCCCCCCCCCC,16.7349137802
BBBBCCCBCBBBCCCBCBBBBBBBBCBBCBCC,15.07790062451
CCCCCCCCCCCBBBCBBBBBBBBBBBBBBBBB,17.6643810781
BCBBBBBCBCCCBBBCCCCBBBBBCBBBCBBB,14.97371567621
CCCCCCCCCCCBBBBBBBBCCCCCCCCBBBBB,15.7053198948
CBBBBBCCCCCCCBCCCCCCCBBBBBBBBBBB,15.09477030431
BBBBBBBBBBBBBBBBBBCCCCCCCCCCCCCC,18.3764875571
CCCBBCBBBCBCBCBBCBCBBBCCBCBCBBCB,14.603062911
CCCCBBCBBBBBCCCBBCCCCBBCCBCCCBCC,15.4410325528
BBCCBCCCCBBBCBCBBBBBBBCCCCBBBBCC,15.3100961412
BBBBCBCCCCBBCBBCBBBBBCCCBBBCBBBC,15.02858781091
BBBBBBBBBBBBCBBBBBBBBBBBBBBBBBBC,15.07768871071
BBCBCCCCBCBCCBBCBCBCBBBBCCCCBCBC,15.2904093496
CCCBCBBCBCCBCBCCBCBCBBCBBCBCCCBB,14.6756675594
BCBCCCCBBCCBBBCCCCCBBCCBBBBBBBCC,15.37286645421
CBBBBBCCBBBCBCBBBCBBCCCBBCCCCCBB,15.24984504741
CCCCCCBCCBBBCBBBBBCBBCBCCCBCCCBB,15.3286732927
BCBBBBBCBBCCCCCCBCCCBCBBBCBCCCBB,15.27983834371
BBCBBCCBCBCBCBCBCBCBCBCCBCCCBBCB,14.7829626387
CBCBBBBBCCBBCBCBBCBCBBBCBCBCBBBC,14.5245135866
BBBBBBBBBBBBCCCCCCCCCCCCCCCCCCCC,18.13892350291
CCCCBBBBBCCCCCCBBBCBCBBCBBBBBBBC,15.2210335756
