Sequence,Cleave
SLNLRETN,1
AECFRIFD,1
HLVEALYL,1
TQIMFETF,1
AEELAEIF,1
PFIFEEEP,1
PIVGAETF,1
ETTALVCD,1
GGVYATRS,1
DAINTEFK,1
DDLFFEAD,1
SFIGMESA,1
PTLLTEAP,1
DQILIEIC,1
AQTFYVNL,1
QITLWQRP,1
GSHLVEAL,1
REAFRVFD,1
YEEFVQMM,1
GQVNYEEF,1
LPVNGEFS,1
ELEFPEGG,1
VEVAEEEE,1
DTVLEEMS,1
GDALLERN,1
AAKFERQH,0
MDSSTSAA,0
SSNYCNQM,0
TPGSRNLC,0
GSSKYPNC,0
ETGSSKYP,0
LTKDRCKP,0
RCKGTDVQ,0
SLGNWVCA,0
PGSRNLCN,0
VFGRCELA,0
NCAKKIVS,0
NSRWWCND,0
SQKNVACK,0
CAYKTTQA,0
SRWWCNDG,0
ASSSNYCN,0
CYQSYSTM,0
AVCSQKNV,0
GNGMNAWV,0
AKKIVSDG,0
RNLTKDRC,0
SYSTMSIT,0
CAAKFESN,0
CSQKNVAC,0
QATNRNTD,0
INSRWWCN,0
YKTTQANK,0
CRETGSSK,0
VPVHFDAS,0
EGNPYVPV,0
VACEGNPY,0
GNPYVPVH,0
MKRHGLDN,0
NWVCAAKF,0
AKFERQHM,0
QTNCYQSY,0
SSSNYCNQ,0
PCSALLSS,0
VNCAKKIV,0
GSRNLCNI,0
NGMNAWVA,0
HESLADVQ,0
DGNGMNAW,0
TDCRETGS,0
GTDVQAWI,0
TQANKHII,0
NDGRTPGS,0
FESNFNTQ,0
ALLSSDIT,0
CAKKIVSD,0
STDYGILQ,0
TNCYQSYS,0
PYVPVHFD,0
SDITASVN,0
CEGNPYVP,0
RNTDGSTD,0
YSTMSITD,0
KFESNFNT,0
HMDSSTSA,0
KHIIVACE,0
DGSTDYGI,0
FGRCELAA,0
NRCKGTDV,0
ETAAAKFE,0
RQHMDSST,0
YVPVHFDA,0
KIVSDGNG,0
CKPVNTFV,0
SRNLTKDR,0
NTDGSTDY,0
GNWVCAAK,0
TTQANKHI,0
QANKHIIV,0
WVCAAKFE,0
NGQTNCYQ,0
LAAAMKRH,0
PNCAYKTT,0
HGLDNYRG,0
TFVHESLA,0
SNFNTQAT,0
IVSDGNGM,0
TDVQAWIR,0
CKGTDVQA,0
TKDRCKPV,0
DVQAVCSQ,0
RETGSSKY,0
ITDCRETG,0
QAVCSQKN,0
LDNYRGYS,0
GRTPGSRN,0
CNDGRTPG,0
SAASSSNY,0
SKYPNCAY,0
LCNIPCSA,0
YCNQMMKS,0
VQAWIRGC,0
VNTFVHES,0
TMSITDCR,0
IPCSALLS,0
NVACKNGQ,0
SDGNGMNA,0
DVQAWIRG,0
KTTQANKH,0
QHMDSSTS,0
GSTDYGIL,0
TAAAKFER,0
SALLSSDI,0
MNAWVAWR,0
TSAASSSN,0
KYPNCAYK,0
RWWCNDGR,0
NTFVHESL,0
VCAAKFES,0
FVHESLAD,0
QSYSTMSI,0
NLTKDRCK,0
CKNGQTNC,0
NAWVAWRN,0
NYRGYSLG,0
SRNLCNIP,0
QAWIRGCR,0
MMKSRNLT,0
TNRNTDGS,0
FERQHMDS,0
RNLCNIPC,0
VCSQKNVA,0
AAAMKRHG,0
VQAVCSQK,0
KPVNTFVH,0
LGNWVCAA,0
RHGLDNYR,0
RGYSLGNW,0
KNVACKNG,0
NPYVPVHF,0
GYSLGNWV,0
KETAAAKF,0
TGSSKYPN,0
DRCKPVNT,0
ACKNGQTN,0
LLSSDITA,0
DYGILQIN,0
KGTDVQAW,0
DGRTPGSR,0
IVACEGNP,0
ACEGNPYV,0
DNYRGYSL,0
HIIVACEG,0
LADVQAVC,0
NTQATNRN,0
QKNVACKN,0
RCKPVNTF,0
DCRETGSS,0
VSDGNGMN,0
LQINSRWW,0
AMKRHGLD,0
QMMKSRNL,0
PVNTFVHE,0
KSRNLTKD,0
NCYQSYST,0
NKHIIVAC,0
AASSSNYC,0
STMSITDC,0
SSKYPNCA,0
NQMMKSRN,0
GMNAWVAW,0
ATNRNTDG,0
TASVNCAK,0
AAAKFERQ,0
FNTQATNR,0
WRNRCKGT,0
AKFESNFN,0
YQSYSTMS,0
ESNFNTQA,0
CSALLSSD,0
QINSRWWC,0
NYCNQMMK,0
ESLADVQA,0
ERQHMDSS,0
CNQMMKSR,0
AWVAWRNR,0
WWCNDGRT,0
VAWRNRCK,0
KKIVSDGN,0
VHESLADV,0
AYKTTQAN,0
ELAAAMKR,0
GLDNYRGY,0
GRCELAAA,0
SSDITASV,0
SNYCNQMM,0
NLCNIPCS,0
SLADVQAV,0
STSAASSS,0
GQTNCYQS,0
IIVACEGN,0
AAMKRHGL,0
TQATNRNT,0
CELAAAMK,0
CNIPCSAL,0
YRGYSLGN,0
NCAYKTTQ,0
ANKHIIVA,0
ILQINSRW,0
WCNDGRTP,0
WVAWRNRC,0
ADVQAVCS,0
TDGSTDYG,0
VACKNGQT,0
NIPCSALL,0
KDRCKPVN,0
GILQINSR,0
DSSTSAAS,0
PVHFDASV,0
YPNCAYKT,0
AAKFESNF,0
KVFGRCEL,0
YGILQINS,0
ITASVNCA,0
AWRNRCKG,0
LSSDITAS,0
AWIRGCRL,0
ASVNCAKK,0
SITDCRET,0
KRHGLDNY,0
RNRCKGTD,0
KNGQTNCY,0
DITASVNC,0
YSLGNWVC,0
NFNTQATN,0
SSTSAASS,0
SVNCAKKI,0
RTPGSRNL,0
KFERQHMD,0
MSITDCRE,0
MKSRNLTK,0
NRNTDGST,0
RCELAAAM,0
TDYGILQI,0
ARVLMEAM,1
ARVLIEAM,1
ARVLFEAM,1
ARVLLEAM,1
ARVLVEAM,1
AFVLAEAM,1
ARVLNEAM,1
ARVFAEAM,1
ARVLAEAE,1
PRVLAEAM,1
ARVLAEAA,1
AAVLAEAM,1
ARVAAEAM,1
ARVLAEAR,1
ARVLAEAK,1
ARVLAVAM,1
ARVIAEAM,1
ARVNAEAM,1
AKVLAEAM,1
ARVYAEAM,1
ARGLAEAM,1
ATVLAEAM,1
ARVLAEAG,1
AGVLAEAM,1
ARVLAEFM,1
MRVLAEAM,1
ARRLAEAM,1
ARVLAEAP,1
ARALAEAM,1
ARVMAEAM,1
ARVLAERM,1
ERVLAEAM,1
ARILAEAM,1
ARVLALAM,1
ARVLGEAM,1
ARVLAESM,1
RRVLAEAM,1
ARVLAEEM,1
ARVLAEGM,1
HAVSLAMT,1
PASSLAMT,1
PHVSLAMT,1
PAVWLAMT,1
PDVSLAMT,1
PRVSLAMT,1
PAVALAMT,1
PAVSLANT,1
PPVSLAMT,1
PALSLAMT,1
FAVSLAMT,1
PAVGLAMT,1
GAVSLAMT,1
PAVSEAMT,1
PAVSFAMT,1
NAVSLAMT,1
PNVSLAMT,1
PAVSGAMT,1
PAVSLALT,1
PAVELAMT,1
PAVHLAMT,1
PAWSLAMT,1
PAVSLGMT,1
PAVSLSMT,1
PGVSLAMT,1
PAGSLAMT,1
PAVSLHMT,1
PAVSRAMT,1
PAVRLAMT,1
PAVSLLMT,1
LAVSLAMT,1
PAVSLAYT,1
PAVSQAMT,1
PAVLLAMT,1
GAVWLAMT,1
PAVWVAMT,1
PAHSFAMT,1
PAVWFAMT,1
PAHSLAMT,1
PAVSVAMT,1
PAGWLAMT,1
PAVWGAMT,1
PAVLAAMT,1
PAVSAAMT,1
PAASLAMT,1
PRGSLAMT,1
PSVWLAMT,1
PRASLAMT,1
PAASFAMT,1
PAVILAMT,1
PGLSLAMT,1
PAGSFAMT,1
PAVWAAMT,1
PRVALAMT,1
PALSFAMT,1
PRHSLAMT,1
PAVLFAMT,1
PRVGLAMT,1
PRLSLAMT,1
PTVSLAMT,1
PAAWLAMT,1
PRVWLAMT,1
PFVSLAMT,1
PTVWLAMT,1
PAVVLAMT,1
PAVIFAMT,1
PAVLGAMT,1
PSVSLAMT,1
PGVWLAMT,1
PRVLLAMT,1
PALWLAMT,1
PAHWLAMT,1
PHVWLAMT,1
KQNYPIVQ,1
TQNYPIVQ,1
DQNYPIVQ,1
NQNYPIVQ,1
GQNYPIVQ,1
LQNYPIVQ,1
RQNYPIVQ,1
PQNYPIVQ,1
AQNYPIVQ,1
MQNYPIVQ,1
SQNYPIVQ,1
ATIMMQRE,1
AAAMSSAI,1
RQANFLGK,1
PGNFLQSR,1
PLFAGISE,1
ARVLAEAM,1
PLIMANVN,1
PYVGSGLY,0
LFAGISDW,0
VVAMPVVI,0
SRSLYASS,1
SQNYPQVQ,1
ARNYPIAQ,1
SRNYPEVQ,1
SRVLAEAM,1
SRVLAIAM,1
SQNYPEAQ,1
AQVLAEAM,1
ARVLAIAM,1
SQNYPEVQ,1
ARNYPQAQ,1
SQNYPIAQ,1
SRNYPEAQ,1
ARNYPEAQ,1
SRNYPIAQ,1
ARVLAQAM,1
SRNYPIVQ,1
TKVLVVQP,1
PVILPIQA,1
PQVLPVMH,1
SQAYPIVQ,1
SQCYPIVQ,1
SQNYPLVQ,1
SQNYPIFQ,1
SQTYPIVQ,1
SQFYPIVQ,1
SQNFPIVQ,1
SQNYPILQ,1
SQLYPIVQ,1
SQNMPIVQ,1
SQNVPIVQ,0
SQNIPIVQ,0
SQNGPIVQ,0
SQNDPIVQ,0
SQNYPKVQ,0
SQNKPIVQ,0
SQNSPIVQ,0
SQNPPIVQ,0
SQKYPIVQ,0
SDGYYTDS,1
ATIYYITA,1
SDTYYLDS,1
SDNYPIVQ,1
SQTYYTQS,1
ATAMMATA,1
SLTYYTDS,1
SDTYYADS,1
SQTYYTDS,1
SDAYYTDS,1
SQNYYNQS,1
SFTYYTDS,1
SDTYYTDQ,1
SQNYYTDQ,1
SDAYYADS,1
SDEYYTDS,1
AETFYTDG,1
SGTYYTDS,1
SDTYYTQS,1
SDCYYCDS,1
SQNYYIDQ,1
SDTYYGDS,1
SQNYPTVQ,1
AETFYVDG,1
SDTYYCDS,1
SQTYYTVQ,1
SDTYYTFS,1
SDCYYTDS,1
SDEYYEDS,1
SDLYYTDS,1
SGTYYTGS,1
SDTYYEDS,1
SDIYYTDS,1
SQTYYIDQ,1
SQTYYTDQ,1
ATIMMITA,1
SQNYPIDQ,1
SDTYYTLS,1
SDTYYTDS,1
SQNYYTVQ,1
SQNYYIVQ,1
SQTYYIVQ,1
SDTYYIDS,1
SDTYYTGS,1
SQNPYIVQ,0
QVIPYNQS,0
SDGYYGDS,0
GLAAPQFS,1
KELYPLTS,1
SLNLPVAK,1
RQVLFLEK,1
ARLMAEAL,1
TLNFPISP,1
PFAAAQQR,1
ATIMMQRG,1
RKILFLDG,1
PQNFLQSR,1
SFNFPQIT,1
PRNFPVAQ,1
FRSGVETT,0
AEAMSQVT,0
RQAGFLGL,0
PAILPIIS,1
SSLYPALT,1
GGNYPVQH,1
TFTFPVVF,1
KDIFPVTE,1
PMVGVLDA,1
ATVLTVAL,1
KLVLAQLS,1
SQAFPLRA,1
LECLLSIP,1
EEIMLAYQ,1
ELILPVKR,1
PLIMAVVN,1
TSCYHCGT,1
DLVLLSAE,1
SKAFLADT,1
PAVSLAMT,1
KMMLLAKA,1
SEEYPIMI,1
FQAYPLRE,1
TSLLTLDD,0
KQTFPIQQ,0
PAILVHTP,0
SKLLATVV,0
LQVLTLNI,0
STLLIENS,0
ASILPVIP,0
PGNLLQSR,1
QGNFLQSR,1
PRNFLQSR,1
GQVNFLGK,1
RRVNFLGK,1
GQANFLGK,1
RQVNFLGK,1
PGNFFQSR,1
PGNFVQSR,1
PGNYLQSR,1
PGNFPQSR,1
RRANFLGK,1
TKFLVVQP,1
TKVFVVQP,1
DKVLVVQP,1
TKVLFVQP,1
TKILVVQP,1
SQIYPIVQ,1
TKVLPVQP,1
TVVLVVQP,1
TKVLIVQP,1
VKVLVVQP,1
TKVLSVQP,1
TKVMVVQP,1
GKVLVVQP,1
TKLLVVQP,1
TKVYVVQP,1
TDVLVVQP,1
TFVLVVQP,1
TKDLVVQP,1
TKNLVVQP,1
TAVLVVQP,1
TLVLVVQP,1
TKVLLVQP,1
TSVLVVQP,1
SQVYPIVQ,1
TKVAVVQP,1
PKVLVVQP,1
TKALVVQP,1
SKVLVVQP,1
LKVLVVQP,1
AKVLVVQP,1
TGVLVVQP,1
TKVGVVQP,1
TKVLKVQP,0
TKVKVVQP,0
TKKLVVQP,0
SQNYAIVQ,1
SQNYKIVQ,0
SQNYDIVQ,0
SGVFVVTG,1
SGNFVVNG,1
SGVFVENG,1
SGVFHVNG,1
SGVFVQNG,1
SGVFQVNG,1
SGIYTVQS,1
SGVFVVQG,1
GRINVALV,1
SGVFSVNG,1
SGVFAVTQ,1
SGVYQLSA,1
SGIFVVNG,1
SGVFVVNG,1
SFVFVVNG,1
KSRVNVVN,0
SRVQVVNG,0
GALTNAVL,0
VNQALVPK,0
MVNQALVP,0
TWMVHSLV,0
MVHSLVPK,0
WMVHSLVP,0
GVFVNNGL,0
KSGVQVVN,0
RVNVVNGK,0
SGALTNAV,0
VFVNNGLV,0
KGSGALTN,0
GLTMVTQL,0
ALTNAVLV,0
GSGAMVNQ,0
TMVTQLVP,0
KGSGLTMV,0
KGSGAMVN,0
SGAMVNQA,0
GVNVVNGK,0
FVNNGLVK,0
MVTQLVPK,0
SGVQVVNG,0
SRVNVVNG,0
LTNAVLVP,0
TNAVLVPK,0
KSGVNVVN,0
SGVFVNNG,0
KSGVFVNN,0
GSGALTNA,0
SGTWMVHS,0
GVQVVNGK,0
KSRVQVVN,0
SGLTMVTQ,0
GSGLTMVT,0
AMVNQALV,0
GAMVNQAL,0
LTMVTQLV,0
GTWMVHSL,0
KGSGTWMV,0
RVQVVNGK,0
SGVNVVNG,0
GSGTWMVH,0
NSVMIALV,1
SGMWFEAP,1
GWVMTEAL,1
GLTMVQEL,1
SGNFAAFS,1
GFAMAEAL,1
SGVFVEMP,1
SGVYHVST,1
SGINFESG,1
GFIGVSYL,1
SGVHFISR,1
SGVYLATD,1
SGIYYSVS,1
SGAFMTRG,1
SGIYLVEN,1
SGIFLETS,1
SGNYLVTS,1
SGVFYSRE,1
GQDFPMYL,1
SGVFTEER,1
SGLYYVTE,1
SGNYFVQG,1
GEMFFPVL,1
SGNYFVET,1
GLNMPALV,1
SGTFQVQL,1
SGIMFQSA,1
SGIMFESN,1
SGLFTEYG,1
SGVMFQTD,1
SGVFVETS,1
GLVAFANL,1
SGNMLVYS,1
SGNMVMFG,1
SGSYVEYQ,1
SGVHVEYT,1
SGVLFVSS,1
GLVLQEGL,1
SGVMPTMS,1
SGAYLIQG,1
SKRTFLIK,0
SYRRMFGG,0
DTIGRLQD,0
LKKLHEEE,0
THSKRTFL,0
HEEEIQEL,0
KNLQEAEE,0
RFLEQQNK,0
REEAENTL,0
GVRLLQDS,0
RDNLAEDI,0
LGDLYEEE,0
EAANRNND,0
IDKVRFLE,0
ESTEYRRQ,0
SVSSSSYR,0
IGRLQDEI,0
SLQEEIAF,0
LSEAANRN,0
LNDRFANY,0
RETNLDSL,0
LLQDSVDF,0
RLGDLYEE,0
RPSSSRSY,0
LVDTHSKR,0
QLTNDKAR,0
DALKGTNE,0
KILLAELE,0
HLREYQDL,0
LKGTNESL,0
RISLPLPN,0
PGVRLLQD,0
DSLPLVDT,0
GEESRISL,0
VDFSLADA,0
GKSRLGDL,0
SRLGDLYE,0
PDLTAALR,0
IQELQAQI,0
IDVDVSKP,0
QELNDRFA,0
TNESLERQ,0
KNTRTNEK,0
GPGTASRP,0
GGPGTASR,0
RTNEKVEL,0
LQEAEEWY,0
EDIMRLRE,0
NYIDKVRF,0
AVEAANYQ,0
NDALRQAK,0
FSLADAIN,0
DLSEAANR,0
YSLGSALR,0
QSLTCEVD,0
TRSSAVRL,0
QMREMEEN,0
FRQDVDNA,0
RSSAVRLR,0
SFRQDVDN,0
NFAVEAAN,0
SQHHDDLE,0
EMLQREEA,0
KSRLGDLY,0
NTLQSFRQ,0
NETSQHHD,0
SLGSALRP,0
MARHLREY,0
EEEMRELR,0
FADLSEAA,0
RRQVQSLT,0
NKILLAEL,0
STEYRRQV,0
ERDNLAED,0
LEQLKGQG,0
SRSYVTTS,0
VETRDGQV,0
ALDIEIAT,0
HSKRTFLI,0
VRQQYESV,0
AELEQLKG,0
INETSQHH,0
LRSSVPGV,0
MFGGPGTA,0
AENTLQSF,0
ERKVESLQ,0
AEDIMRLR,0
VSKPDLTA,0
ASSPGGVY,0
ALKGTNES,0
RDGQVINE,0
EEMRELRR,0
ESLQEEIA,0
ELQELNDR,0
ATRSSAVR,0
ISLPLPNF,0
LQEEMLQR,0
QELQAQIQ,0
YESVAAKN,0
QEEMLQRE,0
RDVRQQYE,0
LRDVRQQY,0
NDRFANYI,0
LQAQIQEQ,0
EAENTLQS,0
LREYQDLL,0
KGQGKSRL,0
ANRNNDAL,0
LARLDLER,0
QDVDNASL,0
EEAENTLQ,0
RSVSSSSY,0
AKQESTEY,0
KKLHEEEI,0
REKLQEEM,0
ARHLREYQ,0
LQDSVDFS,0
LHEEEIQE,0
VELQELND,0
QDEIQNMK,0
QSFRQDVD,0
TEYRRQVQ,0
EAANYQDT,0
EENFAVEA,0
VQSLTCEV,0
IAFLKKLH,0
RLREKLQE,0
EQLKGQGK,0
KARVEVER,0
LERQMREM,0
TCEVDALK,0
QQNKILLA,0
QESTEYRR,0
REYQDLLN,0
QDLLNVKM,0
RPSTSRSL,0
ERQMREME,0
KLLEGEES,0
EKLQEEML,0
QIDVDVSK,0
KGTNESLE,0
WYKSKFAD,0
FLEQQNKI,0
EIQNMKEE,0
LPLPNFSS,0
QEAEEWYK,0
KLQEEMLQ,0
ARVEVERD,0
GSALRPST,0
DFSLADAI,0
QNKILLAE,0
SLPLPNFS,0
VDNASLAR,0
FKNTRTNE,0
VRLRSSVP,0
RQMREMEE,0
YQDTIGRL,0
SSSRSYVT,0
LRRQVDQL,0
AEEWYKSK,0
DKARVEVE,0
QVINETSQ,0
MEENFAVE,0
ETNLDSLP,0
EIAFLKKL,0
LQELNDRF,0
SLTCEVDA,0
TASRPSSS,0
TRTYSLGS,0
ARLDLERK,0
SLERQMRE,0
PSSSRSYV,0
EVDALKGT,0
GDLYEEEM,0
ELNDRFAN,0
QGKSRLGD,0
KLHEEEIQ,0
LTNDKARV,0
VDVSKPDL,0
AAKNLQEA,0
KEEMARHL,0
RRMFGGPG,0
DGQVINET,0
LPNFSSLN,0
LTCEVDAL,0
YEEEMREL,0
GRLQDEIQ,0
EESRISLP,0
YVTTSTRT,0
EMARHLRE,0
DLTAALRD,0
NMKEEMAR,0
QREEAENT,0
QDTIGRLQ,0
GQVINETS,0
MKEEMARH,0
TRDGQVIN,0
RNNDALRQ,0
RLDLERKV,0
KPDLTAAL,0
LLEGEESR,0
ESLERQMR,0
HVQIDVDV,0
STRTYSLG,0
EWYKSKFA,0
KVELQELN,0
EEIAFLKK,0
SLPLVDTH,0
TIGRLQDE,0
AFLKKLHE,0
DRFANYID,0
SVAAKNLQ,0
LDIEIATY,0
AKNLQEAE,0
VEAANYQD,0
LQSFRQDV,0
EYRRQVQS,0
NEKVELQE,0
QHVQIDVD,0
EVERDNLA,0
NTRTNEKV,0
RFANYIDK,0
TTSTRTYS,0
VKMALDIE,0
TYRKLLEG,0
DSVDFSLA,0
EMEENFAV,0
ETSQHHDD,0
QDSVDFSL,0
LIKTVETR,0
STRSVSSS,0
SKFADLSE,0
EIATYRKL,0
NVKMALDI,0
ESRISLPL,0
VERDNLAE,0
FGGPGTAS,0
SEAANRNN,0
IQEQHVQI,0
MALDIEIA,0
YRKLLEGE,0
ASRPSSSR,0
EFKNTRTN,0
TNDKARVE,0
LYEEEMRE,0
PLPNFSSL,0
EKVELQEL,0
NRNNDALR,0
RHLREYQD,0
LLAELEQL,0
ILLAELEQ,0
SAVRLRSS,0
QEQHVQID,0
SVDFSLAD,0
IEIATYRK,0
EIQELQAQ,0
SLARLDLE,0
IKTVETRD,0
SSRSYVTT,0
FANYIDKV,0
GTASRPSS,0
LDSLPLVD,0
LREKLQEE,0
SRISLPLP,0
DLLNVKMA,0
DNLAEDIM,0
VESLQEEI,0
SALRPSTS,0
LNVKMALD,0
EEMLQREE,0
DALRQAKQ,0
QNMKEEMA,0
LRQAKQES,0
TEFKNTRT,0
DVDVSKPD,0
PLVDTHSK,0
EYQDLLNV,0
YKSKFADL,0
DVSKPDLT,0
CEVDALKG,0
VINETSQH,0
ANYQDTIG,0
QYESVAAK,0
RQDVDNAS,0
SYVTTSTR,0
RQQYESVA,0
DLYEEEMR,0
DNASLARL,0
PGTASRPS,0
YQDLLNVK,0
LKGQGKSR,0
FAVEAANY,0
VQIDVDVS,0
YASSPGGV,0
RSSVPGVR,0
RKLLEGEE,0
RMFGGPGT,0
REMEENFA,0
PNFSSLNL,0
TAALRDVR,0
KFADLSEA,0
RQVQSLTC,0
VRLLQDSV,0
GTNESLER,0
QEEIAFLK,0
YRRQVQSL,0
ASLARLDL,0
ALRDVRQQ,0
YRRMFGGP,0
RKVESLQE,0
TFLIKTVE,0
TRSVSSSS,0
EEMARHLR,0
VDALKGTN,0
DVRQQYES,0
LDLERKVE,0
IATYRKLL,0
LERKVESL,0
ANYIDKVR,0
QQYESVAA,0
LGSALRPS,0
GQGKSRLG,0
KSKFADLS,0
VRFLEQQN,0
IQNMKEEM,0
EQQNKILL,0
VTTSTRTY,0
AQIQEQHV,0
SSAVRLRS,0
MLQREEAE,0
VPGVRLLQ,0
TSQHHDDL,0
TNLDSLPL,0
RRQVDQLT,0
LEQQNKIL,0
RSYVTTST,0
NLAEDIMR,0
ELEQLKGQ,0
TNEKVELQ,0
DQLTNDKA,0
ALRPSTSR,0
NDKARVEV,0
DIMRLREK,0
SSYRRMFG,0
EAEEWYKS,0
DTHSKRTF,0
NYQDTIGR,0
LQDEIQNM,0
NASLARLD,0
LAELEQLK,0
KMALDIEI,0
QIQEQHVQ,0
TLQSFRQD,0
EEWYKSKF,0
EEIQELQA,0
QAKQESTE,0
DVDNASLA,0
TYSLGSAL,0
SSVPGVRL,0
ELRRQVDQ,0
LEGEESRI,0
VSSSSYRR,0
NLQEAEEW,0
QVQSLTCE,0
KVESLQEE,0
FLIKTVET,0
ESVAAKNL,0
QLKGQGKS,0
LLNVKMAL,0
LQEEIAFL,0
EQHVQIDV,0
RLRSSVPG,0
ETRDGQVI,0
SRPSSSRS,0
RLQDEIQN,0
EGEESRIS,0
NESLERQM,0
LQREEAEN,0
SVPGVRLL,0
ENTLQSFR,0
RVEVERDN,0
FLKKLHEE,0
ELQAQIQE,0
EEEIQELQ,0
AVRLRSSV,0
MRELRRQV,0
KTVETRDG,0
TVETRDGQ,0
LPLVDTHS,0
VEVERDNL,0
NNDALRQA,0
MSTRSVSS,0
LAEDIMRL,0
VAAKNLQE,0
QAQIQEQH,0
AALRDVRQ,0
RTYSLGSA,0
AANYQDTI,0
MRLREKLQ,0
DKVRFLEQ,0
YIDKVRFL,0
ATYRKLLE,0
SSSYRRMF,0
LTAALRDV,0
ALRQAKQE,0
LRPSTSRS,0
KRTFLIKT,0
AANRNNDA,0
RQVDQLTN,0
RLLQDSVD,0
KVRFLEQQ,0
DIEIATYR,0
MREMEENF,0
EMRELRRQ,0
SKPDLTAA,0
ADLSEAAN,0
TRTNEKVE,0
IMRLREKL,0
RELRRQVD,0
KQESTEYR,0
DLERKVES,0
QVDQLTND,0
SSSSYRRM,0
DEIQNMKE,0
VDQLTNDK,0
RTFLIKTV,0
TSTRTYSL,0
RQAKQEST,0
VDTHSKRT,0
NLDSLPLV,0
ENFAVEAA,0
TESIVIWG,0
LRGTKALT,0
HGYQLEKE,0
WPLTEEKI,0
AIKKKDST,0
ISPIETVP,0
SDLEIGQH,0
PYNTPVFA,0
AIFQSSMT,0
SVPLDEDF,0
EKEGKISK,0
KDSWTVND,0
NETPGIRY,0
WKGSPAIF,0
GTKALTEV,0
WWTEYWQA,0
LALQDSGL,0
YARMRGAH,0
YMDDLYVG,0
IAEIQKQG,0
DDLYVGSD,0
GIKVRQLC,0
WETWWTEY,0
DSQYALGI,0
PLDEDFRK,0
LNKRTQDF,0
TKALTEVI,0
KIKALVEI,0
RYQYNVLP,0
KKKDSTKW,0
GIPHPAGL,0
HDHPFHGY,0
TDSQYALG,0
SELVNQII,0
AGYVTNKG,0
VLPQGWKG,0
KPGMDGPK,0
EPFKNLKT,0
QGQWTYQI,0
KLKPGMDG,0
KWRKLVDF,0
YVTNKGRQ,0
QDSGLEVN,0
YQEPFKNL,0
RTKIEELR,0
IVLPEKDS,0
SQYALGII,0
YTAFTIPS,0
TVQPIVLP,0
GAHTNDVK,0
ETPGIRYQ,0
GIIQAQPD,0
AEIQKQGQ,0
TWWTEYWQ,0
IQKETWET,0
SQIYPGIK,0
QIIEQLIK,0
QNPDIVIY,0
QYMDDLYV,0
TTPDKKHQ,0
TVLDVGDA,0
DVKQLTEA,0
GQWTYQIY,0
IEELRQHL,0
ETVPVKLK,0
RQKVVPLT,0
KWTVQPIV,0
PEWEFVNT,0
KTELQAIY,0
HPGHLVIH,0
EYWQATWI,0
KQWPLTEE,0
VYYDPSKD,0
IPSINNET,0
LNWASQIY,0
LVDFRELN,0
TWIPEWEF,0
IKKKDSTK,0
PVFAIKKK,0
VQLGIPHP,0
KLGKAGYV,0
GGNEQVDK,0
KLLRGTKA,0
DFRKYTAF,0
PISPIETV,0
KQGQGQWT,0
KKQNPDIV,0
VNQIIEQL,0
AENREILK,0
GMDGPKVK,0
DHDHPFHG,0
NREILKEP,0
VSAGIRKI,0
TNKGRQKV,0
ASQIYPGI,0
DKSESELV,0
VFAIKKKD,0
LIKKEKVY,0
GKTPKFKL,0
GKISKIGP,0
QKQGQGQW,0
VDKLVSAG,0
IGPENPYN,0
VNTPPLVK,0
GSDLEIGQ,0
VIHPISPI,0
SPIETVPV,0
LPEKDSWT,0
KDSTKWRK,0
FKNLKTGK,0
EIQKQGQG,0
LKTGKYAR,0
VQPIVLPE,0
TNTTNQKT,0
ELNKRTQD,0
DSWTVNDI,0
VIWGKTPK,0
LTEEAELE,0
TYQIYQEP,0
QLTEAVQK,0
DGPKVKQW,0
STKWRKLV,0
GKLNWASQ,0
TGKYARMR,0
ALGIIQAQ,0
ALTEVIPL,0
EAVQKITT,0
LLRGTKAL,0
AVQKITTE,0
NDIQKLVG,0
WGLTTPDK,0
EMEKEGKI,0
INNETPGI,0
NTPPLVKL,0
PKVKQWPL,0
ILKEPVHG,0
NTTNQKTE,0
IPHPAGLK,0
PFKKQNPD,0
VGSDLEIG,0
FQSSMTKI,0
GVYYDPSK,0
HPAGLKKK,0
VGKLNWAS,0
GIRYQYNV,0
AFTIPSIN,0
QLCKLLRG,0
DEDFRKYT,0
PEKDSWTV,0
PDKSESEL,0
PGHLVIHP,0
TKWRKLVD,0
GKAGYVTN,0
LYVGSDLE,0
IYQEPFKN,0
FAIKKKDS,0
RELNKRTQ,0
ESIVIWGK,0
YQYNVLPQ,0
ANRETKLG,0
PIETVPVK,0
SWTVNDIQ,0
LLRWGLTT,0
EILKEPVH,0
LRQHLLRW,0
EKIKALVE,0
VHGVYYDP,0
IQKQGQGQ,0
PAHKGIGG,0
EKDSWTVN,0
VPLDEDFR,0
TPDKKHQK,0
PENPYNTP,0
RGTKALTE,0
EPVHGVYY,0
LVIHPISP,0
LKKKKSVT,0
QYNVLPQG,0
KEPPFLWM,0
TEYWQATW,0
KQLTEAVQ,0
RKYTAFTI,0
FVNTPPLV,0
QHLLRWGL,0
NEQVDKLV,0
KTPKFKLP,0
EPPFLWMG,0
HTNDVKQL,0
YQYMDDLY,0
HQKEPPFL,0
QKLVGKLN,0
LKEPVHGV,0
PIQKETWE,0
KHQKEPPF,0
DKWTVQPI,0
PKFKLPIQ,0
WQATWIPE,0
KKHQKEPP,0
PGIKVRQL,0
KYTAFTIP,0
SESELVNQ,0
KKKSVTVL,0
VTVLDVGD,0
IVIYQYMD,0
VKQLTEAV,0
KTGKYARM,0
QATWIPEW,0
TTNQKTEL,0
TEMEKEGK,0
KILEPFKK,0
LEPFKKQN,0
KNLKTGKY,0
QKTELQAI,0
EQVDKLVS,0
EQLIKKEK,0
LEKEPIVG,0
LPQGWKGS,0
GPENPYNT,0
WGKTPKFK,0
TKILEPFK,0
PDKKHQKE,0
PPLVKLWY,0
IYPGIKVR,0
RMRGAHTN,0
IKVRQLCK,0
TEAVQKIT,0
KVVPLTNT,0
NDVKQLTE,0
QWPLTEEK,0
VNDIQKLV,0
AWVPAHKG,0
EFVNTPPL,0
IHDHDHPF,0
TWETWWTE,0
KGRQKVVP,0
ETWWTEYW,0
QEPFKNLK,0
NWASQIYP,0
YVGSDLEI,0
KALTEVIP,0
ENPYNTPV,0
KGSPAIFQ,0
KKSVTVLD,0
PFHGYQLE,0
YELHPDKW,0
FKKQNPDI,0
QLGIPHPA,0
VTDSQYAL,0
HLVIHPIS,0
NPYNTPVF,0
ILEPFKKQ,0
IEQLIKKE,0
PAGLKKKK,0
LGIIQAQP,0
EPFKKQNP,0
MRGAHTND,0
GKYARMRG,0
HPISPIET,0
LKPGMDGP,0
PLTNTTNQ,0
QHRTKIEE,0
SMTKILEP,0
DFRELNKR,0
QWTYQIYQ,0
TIPSINNE,0
TEEKIKAL,0
EDFRKYTA,0
HGVYYDPS,0
GLTTPDKK,0
QYALGIIQ,0
WTVNDIQK,0
YQLEKEPI,0
RETKLGKA,0
NNETPGIR,0
MEKEGKIS,0
ATWIPEWE,0
GNEQVDKL,0
LRWGLTTP,0
KLVGKLNW,0
PIHHHHHH,0
QVDKLVSA,0
ITTESIVI,0
TNDVKQLT,0
EELRQHLL,0
HHPGHLVI,0
LPIQKETW,0
PFKNLKTG,0
GSPAIFQS,0
DIVIYQYM,0
IWGKTPKF,0
LVGKLNWA,0
ISKIGPEN,0
ETWETWWT,0
TKIEELRQ,0
QGWKGSPA,0
FRELNKRT,0
NTPVFAIK,0
VIYQYMDD,0
ALQDSGLE,0
TPPLVKLW,0
IIEQLIKK,0
WTVQPIVL,0
KEPVHGVY,0
KQNPDIVI,0
FRKYTAFT,0
NVLPQGWK,0
SIVIWGKT,0
KLVDFREL,0
HHHHHHPG,0
ARMRGAHT,0
VDFRELNK,0
TAFTIPSI,0
YALGIIQA,0
QPIVLPEK,0
EWEFVNTP,0
VDGAANRE,0
FTIPSINN,0
ELRQHLLR,0
HLLRWGLT,0
AGLKKKKS,0
IETVPVKL,0
QPDKSESE,0
LEIGQHRT,0
WEFVNTPP,0
SVTVLDVG,0
GWKGSPAI,0
SINNETPG,0
DKLVSAGI,0
GPKVKQWP,0
TEEAELEL,0
GQHRTKIE,0
SPAIFQSS,0
NPDIVIYQ,0
YQIYQEPF,0
KITTESIV,0
GHLVIHPI,0
LGIPHPAG,0
YVDGAANR,0
PGMDGPKV,0
QSSMTKIL,0
LCKLLRGT,0
DSTKWRKL,0
DHPFHGYQ,0
GQGQWTYQ,0
KGIGGNEQ,0
QKVVPLTN,0
RKLVDFRE,0
GRQKVVPL,0
HHHPGHLV,0
IIQAQPDK,0
EVIPLTEE,0
SKIGPENP,0
GYVTNKGR,0
KLWYQLEK,0
GIGGNEQV,0
QAQPDKSE,0
IPLTEEAE,0
PDKWTVQP,0
SAGIRKIL,0
YYDPSKDL,0
KSVTVLDV,0
TPVFAIKK,0
KISKIGPE,0
VLDVGDAY,0
PLTEEAEL,0
QLEKEPIV,0
VQKITTES,0
SSMTKILE,0
HHHHHPGH,0
TTESIVIW,0
PQGWKGSP,0
EVQLGIPH,0
WASQIYPG,0
KVKQWPLT,0
PIHDHDHP,0
TEVIPLTE,0
LVKLWYQL,0
IQKLVGKL,0
KIGPENPY,0
IYQYMDDL,0
HKGIGGNE,0
WRKLVDFR,0
MDDLYVGS,0
GAANRETK,0
NLKTGKYA,0
EIGQHRTK,0
VKQWPLTE,0
LVSAGIRK,0
QKETWETW,0
GLKKKKSV,0
PLVKLWYQ,0
KKKKSVTV,0
EEKIKALV,0
VIPLTEEA,0
KKDSTKWR,0
IPEWEFVN,0
WEVQLGIP,0
KLNWASQI,0
TPKFKLPI,0
YPGIKVRQ,0
HRTKIEEL,0
NKGRQKVV,0
MDGPKVKQ,0
WVPAHKGI,0
HPFHGYQL,0
IHHHHHHP,0
MTKILEPF,0
ELVNQIIE,0
GYQLEKEP,0
KYARMRGA,0
YNTPVFAI,0
VVPLTNTT,0
DIQKLVGK,0
LQDSGLEV,0
KVRQLCKL,0
PLTEEKIK,0
IKALVEIC,0
KEGKISKI,0
PHPAGLKK,0
LTEVIPLT,0
QLIKKEKV,0
ENREILKE,0
VKLWYQLE,0
IGQHRTKI,0
DLEIGQHR,0
IVIWGKTP,0
KIEELRQH,0
LAWVPAHK,0
LGKAGYVT,0
AQPDKSES,0
PVKLKPGM,0
LHPDKWTV,0
LDEDFRKY,0
YNVLPQGW,0
CKLLRGTK,0
VRQLCKLL,0
VTNKGRQK,0
IHPISPIE,0
RGAHTNDV,0
IVTDSQYA,0
VPLTNTTN,0
IRYQYNVL,0
EGKISKIG,0
AHTNDVKQ,0
HHHHPGHL,0
LWYQLEKE,0
DLYVGSDL,0
ELHPDKWT,0
QIYQEPFK,0
AANRETKL,0
YWQATWIP,0
DGAANRET,0
PGIRYQYN,0
KSESELVN,0
KETWETWW,0
ESELVNQI,0
KLPIQKET,0
REILKEPV,0
VKLKPGMD,0
LTTPDKKH,0
QKITTESI,0
WTYQIYQE,0
IGGNEQVD,0
RWGLTTPD,0
LTEEKIKA,0
TPGIRYQY,0
QGQGQWTY,0
VLPEKDSW,0
KLVSAGIR,0
IQAQPDKS,0
HPDKWTVQ,0
PIVLPEKD,0
VPVKLKPG,0
PVHGVYYD,0
RQLCKLLR,0
QKEPPFLW,0
LTNTTNQK,0
QIYPGIKV,0
LTEAVQKI,0
VPAHKGIG,0
RQHLLRWG,0
NRETKLGK,0
KFKLPIQK,0
AHKGIGGN,0
TNQKTELQ,0
FHGYQLEK,0
NQIIEQLI,0
LVNQIIEQ,0
DKKHQKEP,0
PSINNETP,0
PDIVIYQY,0
WYQLEKEP,0
TVNDIQKL,0
FSVPLDED,0
IFQSSMTK,0
WTEYWQAT,0
TKLGKAGY,0
ETKLGKAG,0
TVPVKLKP,0
PAIFQSSM,0
FKLPIQKE,0
NQKTELQA,0
KAGYVTNK,0
WIPEWEFV,0
HDHDHPFH,0
ELELAENR,1
GWILGEHG,1
HYGFPTYG,1
GDAYFSVP,1
LWMGYELH,1
EKVYLAWV,1
VEICTEME,1
TQDFWEVQ,1
LEVNIVTD,1
QMIFEEHG,1
GWILAEHG,1
QAIYLALQ,1
DSADAEED,1
SKDLIAEI,1
AAAAAPAK,0
AAAAPAKV,0
AAAELGAR,0
AAAPAKVE,0
AAAPVAAA,0
AAAPVVPQ,0
AAATTAAP,0
AADMLGSY,0
AAEIEGAG,0
AAELEMEL,0
AAELVALA,1
AAEQGRPP,0
AAEVVHPG,0
AAGAVASY,0
AAGDLAPI,0
AAGGDGAE,0
AAGIVGNL,0
AAICAGPT,0
AAKDPSAV,0
AALCSEAA,0
AALGGNSS,0
AALIQQAT,0
AAMQDPEV,0
AANYQDTI,0
AAPAAAAA,0
AAPAKVEA,0
AAPLPMMP,0
AAPVAAAT,0
AAPVVPQA,0
AASMSAFD,0
AASQSFLQ,0
AASSSSLE,0
AATEDLWE,0
AATTAAPA,0
AAVAGGAP,0
AAVMNTWT,0
AAVPVQDL,0
AAYAHELP,0
ACALLLLF,1
ACIGEKLD,0
ADAVAVTM,0
ADDRADLA,0
ADDVTLDD,0
ADEELLFN,1
ADELALVD,1
ADESGQIF,0
ADGAGLQL,0
ADIEDFKA,0
ADILFNFS,1
ADIYTEHA,1
ADKFDENA,0
ADKVIVTS,0
ADLTGELM,0
ADLVVGLC,0
ADMLGSYG,0
ADPVSAQH,0
ADSKPGTI,0
ADSQPPVF,0
ADTHIPGS,0
ADTNNHQI,0
ADVMIATQ,1
ADVTTPQT,0
ADYKPPAT,0
AEADGAGL,0
AEAGGMHT,0
AEAILAAD,0
AEALGTLM,0
AEAMNYEG,0
AEAYLGYP,1
AECFDEIT,0
AEDGPPEL,0
AEDKENYK,0
AEDMEEEQ,1
AEDNADTL,0
AEEAEEVG,1
AEEELQQA,1
AEEKAPVK,0
AEEKLQAS,0
AEELMNFS,1
AEEVVQER,0
AEEYKEAR,0
AEGIIHDT,0
AEGLGVIA,0
AEHELNLA,0
AEIEGAGA,0
AEIVQLVG,0
AEKDEFEH,0
AEKLPNLT,0
AELEQLKG,0
AELVDSVL,0
AEMLLANL,0
AENTLQSF,0
AEPADFES,0
AEQGRPPE,0
AEQLEQTK,0
AESEKWQQ,0
AESGVQHK,0
AEVAQHYQ,0
AEVKPLVE,0
AEVPQAQP,0
AEVVHPGD,0
AFDGIIFQ,1
AFEAVVVT,1
AFGDVSKP,0
AFGSGGGL,0
AFIQDPDG,0
AFLADPSA,0
AFLHPEEF,0
AFNLFVGN,1
AFQDVAQN,0
AFVDFLSD,1
AGAFVIVT,1
AGAGNSVL,0
AGAVASYD,0
AGDALLQM,0
AGDAPGEA,1
AGDEESYE,0
AGDLAPIN,0
AGDQELLH,0
AGEYAVHV,1
AGFQDIPK,0
AGGAPSVG,0
AGGDGAEA,0
AGGMHTVC,0
AGGPGPGG,0
AGGVMTAL,0
AGHQEEAK,0
AGIMDHEE,0
AGIVGNLR,0
AGKDDYVK,0
AGKVDDAR,0
AGPDTNGS,0
AGPTALLA,0
AGQGEVLV,0
AGTPMFVV,0
AGVAPESF,0
AGVFMASH,1
AGVIAGLN,0
AHALAEGL,1
AHAVDAVK,0
AHEIGFGS,0
AHILSPWG,0
AHPPSAEV,0
AHQVVVAK,0
AIAAMNEP,0
AIAIGDLV,0
AIAPPLLQ,0
AIAPVLLD,0
AIATGGAV,0
AICAGPTA,0
AIDEVVVT,1
AIDGMNSI,0
AIEASEAA,1
AIEKPTYA,0
AIEPPPLD,0
AIFNLLNL,0
AIGDLVKS,0
AILENANV,0
AILGITES,0
AILSAIAA,0
AILTQLHP,0
AIMENANV,0
AIQPGCIN,0
AIQPNTTG,0
AIRPYVSR,0
AISLFYEL,0
AIVEALNG,0
AIVLPMNH,0
AIYDTPCI,0
AIYKPVTD,0
AKDDLSGA,0
AKDPSAVA,0
AKGDYPLE,0
ALAAVPVQ,0
ALAIVEAL,0
ALAQAVNA,0
ALATLHDR,0
ALCSEAAL,0
ALDFEQEM,1
ALDLAVLD,1
ALDLGGSS,0
ALDLGGTN,0
ALDNVDAR,0
ALEGVVLS,1
ALELLFDQ,1
ALESPERP,1
ALGGNSSP,0
ALGIAQPK,0
ALIEMEKQ,1
ALILHDDE,0
ALINAAIQ,0
ALIQQATT,0
ALKDDSWL,0
ALLAHEIG,1
ALLDAVTQ,0
ALLDGSNV,0
ALLFVHYL,0
ALMKEEGV,0
ALMLQGVD,0
ALNEANLS,0
ALNGKEVA,0
ALNPDFKP,0
ALSDHHIY,0
ALSDVCDV,0
ALSLAVDK,0
ALTAASEA,0
ALVAEEHL,1
ALVDVIED,0
ALVHPDLD,0
ALYDICFR,0
ALYPEGQA,0
AMATVTAL,0
AMEDGEID,1
AMFDQSQI,0
AMLGQAEE,0
AMNYEGSP,0
AMQDPEVM,0
AMVEYEID,1
ANALDNVD,0
ANAYHCEK,0
ANDDIIVN,1
ANDEELNQ,0
ANILHDDC,0
ANKIGFEE,0
ANKVPAAA,0
ANSGAVKR,0
ANTLAEKD,0
ANYQDTIG,0
APAAAAAP,0
APAGITLK,0
APAKVEAK,0
APESAPLK,0
APGAGAIP,0
APLAAGIV,0
APLLGWNS,0
APLPMMPL,0
APMFVMGV,0
APMHDLLL,0
APPLLQEL,0
APTQWLDG,0
APVAAATT,0
APVLLDAL,0
APVNVTTE,0
APVVPQAL,0
AQEGVILD,1
AQESVGIY,0
AQHYQDTL,0
AQIAAENE,0
AQIDPVEK,0
AQIIEACD,0
AQNDLIWN,1
AQNLMQSV,0
AQNPANMS,0
AQPVLVFK,0
AQQVLWNC,0
AQTEALMR,0
AQTLQQSR,0
AQVLAQER,0
ARPPISMN,0
ASASFFLD,0
ASDGIMVA,0
ASEISTWD,0
ASFLNDVG,0
ASGKPIAA,0
ASGMDEMA,0
ASGVCIDS,0
ASGVSVLP,0
ASIPLPDK,0
ASLDQPTQ,0
ASLEGDSG,0
ASLKPEFV,0
ASMSAFDP,0
ASNNELVR,0
ASPAHAVD,0
ASPLLQYF,0
ASQEIAEK,0
ASQPGVDG,0
ASQSFLQP,0
ASSQAVSN,0
ASSSSLEK,0
ASTCPDDE,0
ASVADTAE,0
ASVLRISS,0
ATAASSSS,0
ATDFGEAL,0
ATDNQAIK,0
ATEDLWES,0
ATEMLVHN,1
ATGFIDGD,0
ATGGKYVP,0
ATHEDAVA,0
ATHEEAVA,0
ATILSMMD,1
ATMPSDVL,0
ATQGELVR,0
ATQGHQDQ,0
ATTAAPAA,0
ATTLDESL,0
ATVTTCHS,0
ATYDKLCK,0
AVADVTTP,0
AVAGGAPS,0
AVANDEEL,0
AVAVTMGP,0
AVDAVIAE,0
AVDGEPLG,0
AVDLPAVS,1
AVDVLVSS,0
AVEAANYQ,0
AVEVFEGE,1
AVFGEEGL,0
AVHDAILE,0
AVHVLCNS,0
AVIAELKK,0
AVIPGGSS,0
AVISASAS,0
AVITVPAY,0
AVLDGADC,0
AVLDQVEA,0
AVLGHELG,0
AVLISEAQ,0
AVLQPTPQ,0
AVLTVADM,0
AVMNTWTK,0
AVNAFQEA,1
AVPVQDLG,0
AVQNMVSH,0
AVSEKDIQ,0
AVVDLIDA,1
AVVILDAG,0
AWAGAPLL,1
AYAHELPK,0
AYFNDSQR,0
AYVDLEKD,1
CAAYAHEL,0
CADDRADL,0
CAGPTALL,0
CCENILLN,1
CEECIQLE,1
CEVTNLND,0
CFEAVVVT,1
CGIHETTF,0
CIGEKLDE,0
CIGENGEL,0
CILGQNGI,0
CINYDLVK,0
CLEAYTGI,1
CLEHGIQP,0
CLELFSEL,1
CLELFTEL,1
CNDYVALV,1
CNENSLFK,0
CNLNELVK,0
CNPIISGL,0
CPELIEAF,1
CPILPAKK,0
CSEAALQA,0
CSQEESIK,0
CSSAPGPL,0
CTGDVTAW,0
CVAGDEES,0
CWELYCLE,1
DAANFEQF,1
DADIEDFK,0
DAEAILAA,0
DAEDGPPE,0
DAGAQYGK,0
DAGKVDDA,0
DAIPAVEV,0
DAIQPGCI,0
DALLFVHY,0
DALTDPSR,0
DANTLAEK,0
DATAQMAM,0
DAVAAMAK,0
DAVAAMSK,0
DAVAVTMG,0
DAVIAELK,0
DAVTQQEK,0
DCAFLSAF,1
DCAFMVDN,1
DCIMLSGE,1
DDAEAILA,0
DDDDEEAE,1
DDDETEVL,0
DDDFFQNL,1
DDDYFLCL,1
DDEEIELA,1
DDGGDLTN,0
DDGVSIPG,0
DDHDPVDK,0
DDHDSVDK,0
DDIGHGVK,0
DDLDFFIG,0
DDLSGADI,0
DDRADLAK,0
DDVDSSVC,0
DDVFLSVP,1
DDVGTGAG,0
DEAIEKPT,0
DECGAGVF,0
DEEEVELC,1
DEELNQLL,0
DEEMDLAI,0
DEEMLFIY,1
DEESEQAT,0
DEESYEVF,0
DEHGIDPT,0
DEHSVNYK,0
DEILEASD,1
DESGPSIV,0
DETIKNPR,0
DEVLVNHF,1
DEYCVQQL,0
DFAAEVVH,0
DFALVQRP,1
DFEPSTES,0
DFESLLLS,1
DFGEALVR,0
DFKPPADY,0
DFLSDEIK,0
DFMGITLA,1
DFQLIGIQ,0
DFTGTLIV,1
DGAEAPAK,0
DGAGLQLR,0
DGALNVDL,0
DGATILSM,0
DGDGTITT,0
DGDLIESF,1
DGGDLTNL,0
DGHHHYEG,0
DGLNASQI,0
DGLSNILK,0
DGMNSIAR,0
DGNKVTLD,0
DGQEYAQV,0
DGQMPSDK,0
DGQQTIIA,0
DGSLDLNA,0
DGSNVVFK,0
DGSQNTNV,0
DGTIVDDD,0
DGTVLCEL,0
DGVADVSI,0
DGVANALD,0
DGVSIPGE,0
DGYWIEIL,1
DHFLFDKP,1
DIAMTELP,1
DIAVDGEP,0
DICFTSVQ,0
DIEDFKAK,0
DIELVSNS,1
DIENAYKK,0
DIKPIWQR,0
DIPAAVNA,0
DKATYDKL,0
DKDGDGTI,0
DKFDENAK,0
DKGNQVYR,0
DKINALIK,0
DKPVSPLL,0
DKVIVTSK,0
DLDALAAE,1
DLDLTADS,1
DLEEAEEY,1
DLEGENIE,0
DLELINVC,1
DLENLPAS,0
DLEPTVID,0
DLGGSSFR,0
DLGGTNFR,0
DLGSTVIK,0
DLLLWNNA,1
DLLSNITL,1
DLMTQAGV,0
DLNAAESG,1
DLNEVPVK,0
DLNFIKQS,0
DLQKMPLG,0
DLRPFLAK,0
DLSGADIK,0
DLSLAVLQ,1
DLSNGKPR,0
DLTGDLES,0
DLTGELMR,0
DLTLYQSN,1
DLTNLIHT,0
DLVFIFWA,1
DLVGVLHD,1
DLVKSTLG,0
DLVVGLCT,0
DMDQVENH,0
DMEDLVHD,0
DMLGSYGS,0
DMLLANKV,0
DNAPPPEL,0
DNDSESDY,0
DNEAIYDI,0
DNEKDLVK,0
DNFGIVEG,0
DNPALADI,0
DPAEKDEK,0
DPAGHQEE,0
DPEGLEFP,1
DPEVIPEN,0
DPLGGSDT,0
DPNLSELR,0
DPQPEHPL,0
DPTGTYHG,0
DPVSAQHA,0
DQDILDLV,0
DQDLITII,1
DQELLHQA,0
DQLHEGAK,0
DQLKPGGR,0
DQLQGGQL,0
DQPTQTVV,0
DQQSFGIK,0
DQSQIQEF,0
DQVENHEF,0
DQVIQSLI,0
DSDLQLER,0
DSDMMLNI,1
DSEFFLTT,1
DSEFTLAS,0
DSKPGTIR,0
DSLAANVK,0
DSPSAQLA,0
DSQPPVFK,0
DSSGNVVN,0
DSSVPVWS,0
DSVLDVVR,0
DSVYLSEV,1
DTHIPGSP,0
DTLALVFE,1
DTLLATLK,0
DTNLCAIH,0
DTNLVALM,1
DTNNHQIK,0
DTPTQEDW,0
DTQVVVFK,0
DTSRPPLE,0
DVAPLSLG,0
DVAQNPAN,0
DVCDVPTA,0
DVDHQIAK,0
DVDLAEVK,1
DVDSLVIE,1
DVDSSVCR,0
DVESYIHR,0
DVGDVDAK,0
DVGTGAGL,0
DVIEDKLK,0
DVIQHETI,0
DVIYIEAN,1
DVLEVTKK,0
DVLVSSGE,0
DVPCGNIV,0
DVQPHDLG,0
DVTTPQTV,0
DVVQAEAG,1
DWCPTGFK,0
DWELMNDI,1
DYDLIIIG,1
DYGPHFQG,0
DYKPPATR,0
DYPLEAVR,0
EAACLIVS,1
EAAEQGRP,0
EAALQAIR,0
EAANYQDT,0
EAASLLGK,0
EACDVCLK,0
EADGAGLQ,0
EAEADGAG,0
EAEEKAPV,0
EAEMIQLQ,1
EAENTLQS,0
EAFDISKK,0
EAFLNSQK,0
EAGGMHTV,0
EAGKDDYV,0
EAHGTGTK,0
EAIAPPLL,0
EAIEKPTY,0
EAINVEQA,1
EAIRPYVS,0
EAIVLPMN,0
EAIYDICR,0
EALGIAQP,0
EALGTLMR,0
EALHYLTK,0
EALKDDSW,0
EALNGKEV,0
EALYDICF,0
EAMNYEGS,0
EANKIGFE,0
EANLSNLK,0
EANSGAVK,0
EAPLAAGI,0
EASDGIMV,0
EASLEGDS,0
EASLESAK,0
EATDNQAI,0
EATGGKYV,0
EAVAAMSK,0
EAVQNMVS,0
ECADDRAD,0
ECFDEITY,0
ECNLNELV,0
EDAAELVA,0
EDAVAAMA,0
EDAVAAMS,0
EDAYHEHQ,1
EDDEVETA,1
EDDVGTGA,0
EDELWASF,1
EDGPPELL,0
EDGQEYAQ,0
EDHLAWSK,0
EDIIDTGK,0
EDIIQGFR,0
EDKENYKK,0
EDKGNQVY,0
EDKINALI,0
EDMEDLVH,0
EDNADTLA,0
EDNEKDLV,0
EDPAGHQE,0
EDPSTVLR,0
EDSEFTLA,0
EDSSGNVV,0
EDTFIADL,1
EDTNLCAI,0
EDVPCGNI,0
EDVQPHDL,0
EEAEEKAP,0
EEAENTLQ,0
EEAIRPYV,0
EEALHYLT,0
EEAVAAMS,0
EEDAAELV,0
EEDLVVWV,1
EEDSDEEE,0
EEEAIQLD,1
EEEDLAEI,1
EEEDSDEE,0
EEEEDSDE,0
EEELLVIF,1
EEEQAFKR,0
EEGETEAN,0
EEGLTLNL,0
EEHLTVDA,0
EEIAVQFV,1
EEIEIVLA,1
EEKAPVKK,0
EEKLQASV,0
EELAAAER,0
EELNQLLK,0
EEMDLAIE,0
EEMGHCDS,0
EENFAVEA,1
EENLDCPE,0
EENLMDAQ,0
EEQQMHLN,0
EEQTVDGR,0
EESEQATE,0
EESQVAGT,0
EESYEVFK,0
EEVDEEGK,1
EEVDFAGW,1
EEVGVEHL,0
EEVLAVLG,1
EEYIQQLC,0
EFAIQPNT,0
EFALAIVE,1
EFATHEDA,0
EFATHEEA,0
EFDAVVVG,1
EFLTPVEE,0
EFPWGPKP,0
EFQTNLVP,0
EFSITYKP,0
EFVDIINA,0
EFVTHEDA,0
EGAELVDS,1
EGANAYHC,0
EGDLIEHF,1
EGDMIVCA,1
EGDYVLFH,1
EGEETFEA,0
EGEPGNKV,0
EGETEANN,0
EGEVISLG,0
EGGVDVGD,0
EGHLGVTK,0
EGIFTGSA,0
EGIIHDTE,0
EGLGVIAC,0
EGLTLNLE,0
EGNDLYHE,0
EGNEQFIN,0
EGQAPVKK,0
EGTLLKPN,0
EGVAHIID,0
EHAHQVVV,0
EHCSSIVM,0
EHELNLAR,0
EHFSQFGT,0
EHGDSSVP,0
EHGIDPTG,0
EHGIQPDG,0
EHLKNPVI,0
EHLTVDAR,0
EHPDKFLK,0
EHQANLLR,0
EHSLVIDT,0
EHSMDTLL,0
EHSVNYKP,0
EHVAAAEL,0
EIDGNKVT,0
EIDLQKMP,0
EIEGAGAA,0
EIEGEEIE,0
EIENNPTV,0
EIGRPLGK,0
EIIEGMKF,0
EIINEDIA,0
EILQEEED,0
EIRDMLLA,0
EISEDKTK,0
EISFGTTK,0
EITYVELQ,1
EIVQLVGK,0
EKDEFEHK,0
EKDFAAEV,0
EKDIQDLK,0
EKEQIVPK,0
EKIEKEQS,0
EKLPNLTH,0
EKLQASVR,0
EKPTYATK,0
EKQQQDQV,0
EKWQQALK,0
ELAEDKEN,0
ELASQPGV,0
ELAYEQVA,0
ELCPILPA,0
ELDAFLKE,1
ELDDLLVD,1
ELDLSLSD,1
ELEAVQNM,1
ELEIIEGM,1
ELEMIGFI,1
ELEQLKGQ,0
ELGLVDGQ,0
ELIKVEGK,0
ELINALYP,1
ELINGYIQ,0
ELIPQLVA,0
ELLDYEDD,0
ELLPEAQH,0
ELNGNQPM,0
ELNQYSAK,0
ELNVPFFK,0
ELPPTHPI,0
ELQKEEAQ,0
ELSLLGKK,0
ELVALAQA,1
ELVDSVLD,0
ELVFKEDG,1
ELYCLEHG,1
EMADFLSD,1
EMATAASS,0
EMDGTENK,0
EMDLAIEA,0
EMELNEHS,1
EMGHCDSV,0
EMILTEKE,1
EMLLANLR,0
ENANVLAR,0
ENASGKPI,0
ENDLNFIK,0
ENEEDEHS,1
ENGGSLGS,0
ENIEIVFA,1
ENILHVSE,0
ENKIPATQ,0
ENLDCPEL,0
ENLLDFIK,0
ENLMDAQV,0
ENPEHNDF,0
ENQEIYQK,0
ENSEGGLH,0
ENTDLVTL,1
ENTLQSFR,0
ENVRPDIV,0
EPALNEAN,0
EPASLLEL,0
EPGDYNIN,0
EPGNKVNL,0
EPIDEYCV,0
EPTTAFNL,0
EPTVIDEV,0
EQAFQTIA,0
EQEMATAA,0
EQFINAAK,0
EQGETPLT,0
EQGHLLPE,0
EQGRPPEH,0
EQILPTLV,0
EQIVPKPE,0
EQLEQTKR,0
EQLKGQGK,0
EQLLQDPK,0
EQQMHLNV,0
EQQQAYRP,0
EQTVDGRP,0
ERPFLAIL,0
ESCGIHET,0
ESDYMFMA,1
ESEKWQQA,0
ESEMEDAY,0
ESENKIPA,0
ESEQATEM,0
ESFLDISR,0
ESGELNQY,0
ESGPSIVH,0
ESGVINLK,0
ESGVQHKP,0
ESHQDADI,0
ESHQFQPK,0
ESLLPGIR,0
ESLPENAS,0
ESQVAGTP,0
ESSSPEVK,0
ESTGVFTT,0
ESTPPSEE,0
ETAAGGDG,0
ETAFLGPK,0
ETAGGVMT,0
ETAKGDYP,0
ETDLLILF,1
ETEANNHK,0
ETEDTFIA,0
ETEDTFMA,0
ETGKITDF,0
ETGVLKPG,0
ETHGHVGA,0
ETIGEILK,0
ETLKPSTL,0
ETLPTEYD,0
ETNPADSK,0
ETPTGYIE,0
ETTFNSIM,0
ETTQAMAF,0
ETVAESAE,0
EVAQHYQD,0
EVDDAETL,1
EVEAIALA,1
EVELVQMV,1
EVENGGSL,0
EVGDTQVV,0
EVGVEHLL,0
EVIPENTD,0
EVISDEHG,1
EVISLGLP,0
EVISWLDA,1
EVIYMIEP,1
EVKPLVEK,0
EVMNSFEL,0
EVNLLVEE,1
EVPFAPSG,0
EVPQAQPV,0
EVTHQFVK,0
EVTKENLL,0
EVTNLNDY,0
EVVDKDSI,0
EVVHPGDL,0
EVVITHLA,0
EVVTESEK,0
EVVYMTEP,1
EWCDGCEA,0
EWIPNNVK,0
EYALAAVA,1
EYAQEAVK,0
EYASPAHA,0
EYCVQQLK,0
EYEVVTES,0
EYIQQLCE,0
EYTFIQNV,1
FAAEVVHP,0
FADTHIPG,0
FAIQPNTT,0
FAIYKPVT,0
FAKPPDQK,0
FAPVNVTT,0
FAQTLQQS,0
FASQEIAE,0
FASTCPDD,0
FATHEDAV,0
FATHEEAV,0
FCLSEDKK,0
FCSEYRPK,0
FDDHDPVD,0
FDDHDSVD,0
FDGALNVD,0
FDIAVDGE,0
FDKATYDK,0
FDKDGDGT,0
FDKPVSPL,0
FDPNLSEL,0
FDQLHEGA,0
FDQSQIQE,0
FEALGIAQ,0
FEAPNQEK,0
FEATDNQA,0
FEDTNLCA,0
FEGEPGNK,0
FEIGHFFR,0
FEIGHFLR,0
FEIGRPLG,0
FELIKVEG,0
FEQEMATA,0
FEQFLQER,0
FESLPENA,0
FETLKPST,0
FEVPFAPS,0
FFGTHETA,0
FFIGDEAI,1
FGDFVALS,1
FGDVSKPE,0
FGEEGLTL,0
FGSGGGLL,0
FGTHETAF,0
FGVGFYSA,0
FHHEGGVD,0
FHSYFMEA,1
FIENNVSK,0
FIGGLAAQ,0
FIHGGHTA,0
FILVGPEG,0
FIQDPDGY,0
FIQSIIST,0
FISSGLSK,0
FITDCKDP,0
FKDDYFAK,0
FKEEEPVK,0
FKPPADYK,0
FLADPSAF,0
FLAHILSP,0
FLAILGGA,0
FLAPISSS,0
FLAQTEAL,0
FLCLPSNT,0
FLDALIVS,1
FLDISRPK,0
FLDLTVQQ,1
FLFCSEYR,0
FLFRDGDI,0
FLHELNVP,0
FLHPEEFE,0
FLKEPALN,0
FLNDVGPK,0
FLPFADDK,0
FLQAAKDP,0
FLQALSLA,0
FLQDVSAS,0
FLQLVDAG,0
FLQSHENQ,0
FLSDAIPG,0
FLSDEIKE,0
FLSTSIAQ,0
FLTDLYPE,0
FLTPVEEA,0
FLTTASGV,0
FLVGGASL,0
FMADLVVG,1
FMAPGAGA,0
FMEAIAPP,0
FMYLNEVA,0
FNCEVTNL,0
FNIPFTGN,0
FNKSAPEL,0
FNSIATQG,0
FNTDEDTK,0
FPIPEEYT,0
FPLTAQHE,0
FPMTHGNT,0
FPSEIVGK,0
FPWGPKPF,0
FQALLQYA,1
FQDGDLTL,0
FQDVAQNP,0
FQEAASLL,0
FQLIGIQD,0
FQNLDGVA,0
FQSSANYA,0
FQTLLDAG,0
FQTNLVPY,0
FRDGDILG,0
FRPDNFVF,0
FSDNAPPP,0
FSELAEDK,0
FSGSSHQD,0
FSITYKPV,0
FSKGEENL,0
FSPDGHLF,0
FSPHTKPW,0
FSQFGTVE,0
FTDVNSIL,0
FTELAEDK,0
FTFITDCK,0
FTGSADIK,0
FVDIINAK,0
FVDWCPTG,0
FVESDADE,0
FVGNLNFN,0
FVGSGVSG,0
FVGSPVED,0
FVGSQATD,0
FVITKPDV,0
FVLDEADV,0
FVMGVNHE,0
FVSFSEVQ,0
FVTHEDAV,0
FVTLAPTQ,0
FWAPESAP,0
FYELSEND,1
GADDIELL,1
GADFLVTE,1
GADLAALC,1
GAEAPAKK,0
GAELVDSV,1
GAEYVVES,1
GAGFQDIP,0
GAGGAGLR,0
GAGGPGPG,0
GAGLLEIK,0
GAGNNWAK,0
GANAYHCE,0
GAPMHDLL,0
GAPSVGIK,0
GASLKPEF,0
GAVALLIG,1
GAVASYDY,0
GAVFGEEG,1
GCEAVLLG,1
GCINYDLV,0
GCVAGDEE,0
GDAIPAVE,0
GDDLTVTN,1
GDEESYEV,0
GDEMTSLS,1
GDEMVSLK,1
GDEYFTFI,1
GDGAEAPA,0
GDGTITTK,0
GDHCIIGR,0
GDIPAAVN,0
GDLAPINA,0
GDLESFKK,0
GDLTNLIH,0
GDLVKSTL,0
GDQELLHQ,0
GDQQSFGI,0
GDSDLQLE,0
GDSSVPVW,0
GDTQVVVF,0
GDVAEGDL,0
GDVSKPER,0
GDVTAWTK,0
GDYNINIL,0
GDYPLEAV,0
GEADVEFA,1
GEADVEFV,1
GEAEADGA,0
GEAFVQFA,1
GEEDEEAL,1
GEEFEEQT,1
GEEGLTLN,0
GEENLMDA,0
GEFSITYK,0
GEHGDSSV,0
GEHTPSAL,0
GEIDGNKV,0
GELLYVAD,1
GELNQYSA,0
GEPGNKVN,0
GERPVVQR,0
GETAKGDY,0
GETEANNH,0
GETEDTFI,0
GETEDTFM,0
GETNPADS,0
GEVISLGL,0
GFAFVTFD,1
GFAGLVQE,1
GFEFTLMV,1
GFGAQGPK,0
GFGFVTFD,1
GFIENNVS,0
GFQLVFLP,1
GFSGIESS,1
GGAPSVGI,0
GGASLKPE,0
GGAVFGEE,0
GGDGAEAP,0
GGDLTNLI,0
GGFGAQGP,0
GGGCALLR,0
GGGSGGLA,0
GGLAAQEV,0
GGMAFHSY,0
GGMHTVCL,0
GGNSSPSA,0
GGPGPGGF,0
GGSGGLAA,0
GGSGGLAS,0
GGSLGSKK,0
GGSSTPLI,0
GGTTMYPG,0
GGVDVGDV,0
GGVMTALI,0
GGVTGGWD,0
GHELGHWK,0
GHLLPERK,0
GHQDQSIR,0
GHVFEESQ,1
GHYLGEFS,1
GHYTEGAE,0
GIDPTGTY,0
GIDVQQVS,0
GIEAAEML,1
GIEETILE,1
GIEQQVLR,0
GIFTGSAD,0
GIHETTFN,0
GIIHDTET,0
GIMDHEEA,0
GIQPDGQM,0
GISAIDGM,0
GITESFQV,0
GITKPAIR,0
GKEVAAQV,0
GKITDFIK,0
GKPIAAVM,0
GLAAQEVM,0
GLAGAGNS,0
GLCTGQIK,0
GLDIPEVD,0
GLDVPQVS,0
GLESIISI,1
GLGVIACI,0
GLLDSPAL,0
GLNASQIR,0
GLSQEAAR,0
GLTAFEAT,1
GLTLGGQK,0
GLTLNLED,0
GLVDGQEL,0
GMDEMAVE,0
GMHTVCLS,0
GMLDPAEK,0
GMNVAGVS,0
GMYGIENE,0
GNACWELY,0
GNDLYHEM,0
GNEQFINA,0
GNKVNLAE,0
GNKVTLDW,0
GNLNFNKS,0
GNQPMEIK,0
GNSSPSAK,0
GNVTTCND,0
GPDTNGSQ,0
GPEAPLAA,0
GPGGFGAQ,0
GPGLSQEA,0
GPGPGGFG,0
GPGTSFEF,0
GPLGECII,0
GPNAPLIF,0
GQAEEVVQ,0
GQELAVAD,1
GQEYAQVI,0
GQGEVLVY,0
GQIFICSQ,1
GQNGISDL,0
GQQTIIAC,0
GQSGAGNN,0
GRPPEHTS,0
GSEVVDKK,0
GSGGGLLQ,0
GSGGLAAA,0
GSGGLASA,0
GSGVSGGE,0
GSLLWAAG,0
GSPVEDNE,0
GSQATDFG,0
GSQFFVTL,1
GSQNTNVD,0
GSQQADFL,0
GSSHQDLS,0
GSSTPLIP,0
GSVPAPAC,0
GSYGSLAR,0
GTEPTTAF,0
GTGAGLLE,0
GTHETAFL,0
GTIVDDDD,0
GTLLKPNM,0
GTPMFVVK,0
GTSFEFAL,0
GTTHQTSL,0
GTTMYPGI,0
GTVLCELI,0
GTVLTEHV,1
GTYHGDSD,0
GVADLTGE,0
GVADVSIE,0
GVAHIIDP,0
GVANALDN,0
GVAPESFE,0
GVCIDSEF,0
GVDDLDFF,0
GVDGFLVG,1
GVDLLADA,1
GVDQFLVK,0
GVDVGDVD,0
GVEELESE,1
GVFTTMEK,0
GVGFYSAF,0
GVHQGAGF,0
GVIACIGE,0
GVIAGLNV,0
GVMTALIK,0
GVQHKPSA,0
GVSGGEEG,0
GVSIPGEY,0
GVSLVEQL,1
GVSVLPQN,0
GVTGGWDN,0
GVVEVENP,1
GVVIAADM,0
GWNSFVVW,0
GWQFVNLG,1
GWVLGEHG,1
GYDYGPHF,0
GYEFDICF,1
GYIESLPR,0
GYIFLEYA,1
GYPVTNAV,0
HAHQVVVA,0
HAITATQK,0
HDDEVTVT,1
HDNFGIVE,0
HDPETLLR,0
HEDAVAAM,0
HEEAVAAM,0
HEEFSEHA,1
HEELMLGD,1
HEGGVDVG,0
HEHQANLL,0
HEIGFGSK,0
HELNVPFF,0
HENQEIYQ,0
HESGELNQ,0
HETAFLGP,0
HETTFNSI,0
HEVNLLVE,1
HEWCDGCE,0
HFCEEFGK,0
HFPMTHGN,0
HFQGILEA,1
HFSQFGTV,0
HGDLLECA,1
HGDSDLQL,0
HGDSSVPV,0
HGHVGADL,0
HGIDPTGT,0
HGIQPDGQ,0
HGNTGFSG,0
HHEGGVDV,0
HHIYLEGT,1
HILSPWGA,0
HIPGSPFK,0
HIVEAEAM,1
HKPSAPQG,0
HLFQVEYA,1
HLKNPVIA,0
HLNLSGNK,0
HLPSPVTA,0
HMHAYALE,0
HNAQNLMQ,0
HNGIITNY,0
HPDFEPST,0
HPEEFEHM,0
HPELFEAL,1
HPLSCHGW,0
HPPSAEVE,0
HQDADIED,0
HQGAGFQD,0
HQRPPSEM,0
HSENFQTL,1
HSLVIDTL,0
HSMDTLLA,0
HSQAVEEL,0
HSSLAEPR,0
HSSVYPTQ,0
HSVNYKPP,0
HTECCHGD,0
HTSQSGDE,0
HVAAAELG,0
HVLCNSED,0
HVSFPLEG,0
HYEGAVVI,1
HYLAVVLL,1
HYQDTLIR,0
HYTEGAEL,0
IAADMLGS,0
IAAMNEPK,0
IAASQSFL,0
IAAVMNTW,0
IACIGEKL,0
IADLVVGL,0
IAFGSGGG,0
IAGLNVLR,0
IAIGDLVK,0
IALATLHD,0
IALDLGGS,0
IAMATVTA,0
IAPPLLQE,0
IAPVLLDA,0
IASVADTA,0
IATGGAVF,0
IATQGELV,0
IATQGHQD,0
IAVDGEPL,0
IAVNAVLT,1
ICAGPTAL,0
ICDYELHE,1
ICFTSVQK,0
ICSQEESI,0
IDAIQPGC,0
IDDKGILR,0
IDEYCVQQ,0
IDGMNSIA,0
IDGNKVTL,0
IDGQQTII,0
IDGTHIAK,0
IDLQKMPL,0
IDNPALAD,0
IDNSQGAY,0
IDPTGTYH,0
IDQLKPGG,0
IEACDVCL,0
IEAEHTLR,0
IEAFLNSQ,0
IEAHGTGT,0
IEANSGAV,0
IEDPSTVL,0
IEELFLDL,1
IEENKYSR,0
IEESAIDE,0
IEGAGAAK,0
IEGMKFDR,0
IEHFSQFG,0
IEHIQVNK,0
IEIDFETL,1
IEILNPNK,0
IEKPTYAT,0
IELAYEQV,0
IELLPEAQ,0
IEMDGTEN,0
IENNPTVK,0
IENTPEEK,0
IEPIDEYC,0
IEPPPLDA,0
IESFLDIS,0
IESGVINL,0
IESHQFQP,0
IESSSPEV,0
IETIGEIL,0
IEVMNSFE,0
IFDHEFTK,0
IFESLPEN,0
IFQGQSLK,0
IFTDVNSI,0
IFTGSADI,0
IFWAPESA,0
IGDLVKST,0
IGDMAILG,1
IGEHTPSA,0
IGEKLDER,0
IGENGELL,0
IGFIENNV,0
IGGGSGGL,0
IGGLAAQE,0
IGHVDSGK,0
IGKEDAVR,0
IGPNAPLI,0
IHDNFGIV,0
IHETTFNS,0
IHGGHTAK,0
IHLPSPVT,0
IHNGIITN,0
IHSSLAEP,0
IIACIESH,1
IIAGHESG,1
IIDDKGIL,0
IIDIITHR,0
IIDILTKR,0
IIEACDVC,0
IIEGMKFD,0
IIENTPEE,0
IIFQGQSL,0
IIGGGSGG,0
IIGKEDAV,0
IIHDTETK,0
IIHSSLAE,0
IIIGGGSG,0
IINEDIAK,0
IINSSITT,0
IINYDLPN,0
IIPVLVGA,0
IIQLKPDV,0
IISAPSAD,0
IISIIHSS,0
IISTVEPA,0
IIVNWVNR,0
IKPIWQRP,0
ILDAGAQY,0
ILDDGGDL,0
ILDDIGHG,0
ILDDVDSS,0
ILEASLEG,0
ILEDLVFP,1
ILEGHLGV,0
ILEGNDIE,0
ILENANVL,0
ILETLPTE,0
ILFKDDYF,0
ILGITESF,0
ILGQNGIS,0
ILHDDCAF,0
ILISSEEG,1
ILLDQGQL,0
ILLNAAWL,0
ILNKPGLK,0
ILPVGAAN,0
ILPVGAES,0
ILQAEHEL,0
ILSAIAAM,0
ILSMMDVD,1
ILSPWGAE,0
ILTLLQGV,1
ILTQLHPR,0
ILVGDLMR,0
ILVGPEGC,0
IMAKDDLS,0
IMDHEEAR,0
IMENANVL,0
INALYPEG,0
INEDIAKR,0
INILFADT,1
INSSITTK,0
INTACFEA,0
INVCNENS,0
INYDLPNN,0
INYDLPTN,0
IPFTGNVK,0
IPGGSSTP,0
IPVDISDS,0
IPVLVGAL,0
IPVQTQHP,0
IQAMPTLI,0
IQDGSLDL,0
IQDGSQNT,0
IQDGYLSL,1
IQDPDGYW,0
IQDTSRPP,0
IQELVEAI,1
IQGITKPA,0
IQHETIGK,0
IQIDLETG,1
IQLDGLNA,0
IQLEPTFI,0
IQLKPDVV,0
IQLQEELA,0
IQNVPLED,0
IQPDGQMP,0
IQPGCINY,0
IQPNTTGK,0
IQQATTVK,0
IQSIISTV,0
IQSSPPKD,0
IQTGISAI,0
IQVTPPGF,0
IRDMLLAN,0
ISADIETI,1
ISAIDGMN,0
ISASASFF,0
ISEAQAIK,0
ISEGLHPR,0
ISFGTTKD,0
ISFTEVDD,0
ISGLYQGA,1
ISIIHSSL,0
ISLGLPFG,0
ISLSGDHC,0
ISMNFEVP,1
ISSSLAVV,0
ISTVEPAQ,0
ISVEGSSK,0
ITDCKDPK,0
ITEGFEAA,1
ITEMVALN,1
ITESFQVK,0
ITFKEEEP,0
ITHLAPGT,0
ITIHLPSP,0
ITIIGKED,0
ITKLVEVG,0
ITKPDVYK,0
ITLASSQA,0
ITVPAYFN,0
IVAASNLR,0
IVCAAYAH,0
IVDVIDQN,0
IVEALNGK,0
IVEDIIDT,0
IVEGLMTT,1
IVFAKPPD,0
IVIHNGII,0
IVKEVSTY,0
IVLAKPPD,0
IVLGGGCA,0
IVLPMNHK,0
IVLTTSAG,0
IVMDPLGG,0
IVNNLLKP,0
IVNTNVPR,0
IVPKPEEE,0
IVRPDNTY,0
IVSMDVIQ,0
IVSRPEEL,0
IVSTTVET,0
IVSVDETI,0
IVTEEAIA,0
IVVIGHVD,0
IVVITDGR,0
IVVPDVSK,0
IWLYSLAW,0
IWNIKDEL,0
IYDTPCIQ,0
IYIPLPDE,0
IYKPVTDF,0
IYTNYEAG,1
IYVPLTDK,0
KATYDKLC,0
KDDLSGAD,0
KDDYFAKK,0
KDFAAEVV,0
KDGDGTIT,0
KDPSAVAK,0
KDPSVVVR,0
KDVESYIH,0
KEDGQEYA,0
KEDIIQGF,0
KEEEPVKK,0
KENLLDFI,0
KEPALNEA,0
KEQIVPKP,0
KEVAAQVK,0
KEVSTYIK,0
KGDYPLEA,0
KGEENLMD,0
KIEKEQSK,0
KLPNLTHL,0
KNPVIAQK,0
KPDVVITE,0
KPEEEVAQ,0
KPEFVDII,0
KPEMIGHY,0
KPGMVVTF,1
KPIAAVMN,0
KPISVEGS,0
KPIWQRPS,0
KPNMVTPG,0
KPPADYKP,0
KPSAPQGG,0
KPSFDPNL,0
KPVSPLLL,0
KQQQDQVD,0
KVIVVITD,0
KVNLAELF,0
KVTLDWAK,0
LAADFEIG,1
LAAEIEGA,0
LAAGIVGN,0
LAALGGNS,0
LAAMQDPE,0
LAAQEVMK,0
LAAVPVQD,0
LADAVAVT,0
LADDVTLD,0
LAEALGTL,0
LAEDKENY,0
LAEEKLQA,0
LAEIVQLV,0
LAEKDEFE,0
LAEKLPNL,0
LAELEQLK,0
LAEPADFE,0
LAEVAQHY,0
LAEVKPLV,0
LAFIQDPD,0
LAGAGNSV,0
LAHEIGFG,0
LAHILSPW,0
LAIFNLLN,0
LAILGGAK,0
LAILLGML,1
LAIVEALN,0
LALDLGGT,0
LALLDGSN,0
LANKVPAA,0
LAPISSSK,0
LAPTQWLD,0
LAQAVNAR,0
LAQIAAEN,0
LAQIIEAC,0
LAQTEALM,0
LASDFEIG,1
LASEISTW,0
LASQPGVD,0
LASSQAVS,0
LATTLDES,0
LAVANDEE,0
LAVDAVIA,0
LAVDYENV,1
LAVIPGGS,0
LAYEQVAK,0
LCEDIIQL,1
LCELINAL,1
LCIGENGE,0
LCLPSNTK,0
LCNSEDIR,0
LCPILPAK,0
LCSEAALQ,0
LCYVALDF,0
LDAGAQYG,0
LDAGLPQK,0
LDALTDPS,0
LDANTLAE,0
LDAVTQQE,0
LDDGGDLT,0
LDDIGHGV,0
LDDVDSSV,0
LDESLTNR,0
LDGADCIM,0
LDGLNASQ,0
LDGLSNIL,0
LDGNELDL,0
LDGSNVVF,0
LDGVANAL,0
LDLGGSSF,0
LDLGGTNF,0
LDLSNGKP,0
LDNGAQID,1
LDPAEKDE,0
LDQGQLNK,0
LDQPTQTV,0
LDSLAANV,0
LDVAPLSL,0
LEANKIGF,0
LEASLEGD,0
LEASLESA,0
LEAVQNMV,0
LECADDRA,0
LEDVQPHD,0
LEFAIQPN,0
LEFPWGPK,0
LEGANAYH,0
LEGEETFE,0
LEGHLGVT,0
LEGIFTGS,0
LEGLDLRP,1
LEGNDIEL,0
LEGNEQFI,0
LEGSGLES,0
LEGTLLKP,0
LEHGIQPD,0
LEHSDCAF,0
LEIINEDI,0
LEKDFAAE,0
LEKIEKEQ,0
LELFTELA,1
LELINGYI,0
LENANVLA,0
LENASGKP,0
LENLPASK,0
LEPTVIDE,0
LEQFVSIL,0
LEQLKGQG,0
LESEMEDA,0
LESENKIP,0
LESHQDAD,0
LESLLPGI,0
LETAGGVM,0
LETGKITD,0
LETLPTEY,0
LEYASPAH,0
LFCSEYRP,0
LFDKDGDG,0
LFDQLHEG,0
LFHHEGGV,0
LFIYGHYK,0
LFKDDYFA,0
LFLTDLYP,0
LFNIPFTG,0
LFPLTAQH,0
LFRDGDIL,0
LGDQQSFG,0
LGECIIAG,0
LGFSEVEL,0
LGGGCALL,0
LGGNSSPS,0
LGGSDTAK,0
LGGSLMEY,0
LGHELGHW,0
LGIEQQVL,0
LGITESFQ,0
LGLVDGQE,0
LGMLDPAE,0
LGNVTTCN,0
LGQAEEVV,0
LGQNGISD,0
LGQTDDTR,0
LGSEVVDK,0
LGSYGSLA,0
LGVADLTG,0
LGVIACIG,0
LGWNSFVV,0
LGYPVTNA,0
LHDPETLL,0
LHELNVPF,0
LHEWCDGC,0
LHPEEFEH,0
LHVDLAQI,1
LIALSIDS,0
LIDAIQPG,0
LIFESLPE,0
LIGPNAPL,0
LIINYDLP,0
LILEGNDI,0
LILETLPT,0
LILFKDDY,0
LIMAKDDL,0
LINAAIQK,0
LINGYIQK,0
LIPVQTQH,0
LIQQATTV,0
LISEAQAI,0
LISFTEVD,0
LIVSMDVI,0
LIVSVDET,0
LIVVPDVS,0
LIWNIKDE,0
LIYIPLPD,0
LKDDSWLK,0
LKEPALNE,0
LKNPVIAQ,0
LKPDVVIT,0
LKPEFVDI,0
LKPISVEG,0
LKPNMVTP,0
LLAALGGN,0
LLAEPADF,0
LLANFLAQ,1
LLANKVPA,0
LLASGMAR,0
LLDAGLPQ,0
LLDALTDP,0
LLDAVTQQ,0
LLDGSNVV,0
LLDQGQLN,0
LLDSPALK,0
LLDVAPLS,0
LLDYEDDE,0
LLEGSGLE,0
LLELFNSI,1
LLENLEKI,1
LLFNIPFT,0
LLFPLTAQ,0
LLFVHYLA,0
LLGGSLME,0
LLGIEQQV,0
LLGQTDDT,0
LLGVADLT,0
LLGWNSFV,0
LLIGPNAP,0
LLKPISVE,0
LLKPNMVT,0
LLLASGMA,0
LLLFPLTA,0
LLLGQTDD,0
LLLSRPVL,0
LLNAAWLK,0
LLNLCYLD,1
LLPAQTSL,0
LLPEAQHK,0
LLQDSGEV,0
LLQMITIH,1
LLSGLLDS,0
LLSRPVLE,0
LLSYVHIL,0
LLVAETFA,0
LLVDLDHQ,0
LLVEEIHR,0
LLWAAGQR,0
LLWSQGQL,0
LLYDLENL,0
LLYRGDVV,0
LMEYAILS,1
LMGAVVME,1
LMKDPSVV,0
LMKEEGVK,0
LMLQGVDL,0
LMTQAGVE,0
LMTTVHAI,0
LMVVGESG,0
LNDDDETE,0
LNEANLSN,0
LNFIKQSK,0
LNFNKSAP,0
LNGKEVAA,0
LNGNLQLE,0
LNGNQPME,0
LNIINSSI,0
LNLEDVQP,0
LNLQDESF,0
LNPDFKPP,0
LNSLAEEK,0
LNSNGFIC,0
LNSNTQVV,0
LPAGDALL,0
LPAQTSLE,0
LPCILNAR,0
LPEDPLLS,1
LPENASHK,0
LPFADDKR,0
LPGAAVDL,0
LPNLTHLN,0
LPPTHPIR,0
LPSPVTAQ,0
LPTEYDSR,0
LPVGAANF,0
LPVGAESF,0
LQAAKDPS,0
LQAEHELN,0
LQALSLAV,0
LQANVEHL,1
LQDESFTR,0
LQDIENAY,0
LQDSGEVR,0
LQDVSAST,0
LQEELAAA,0
LQELFLAH,1
LQELVQYP,1
LQEQLMGA,0
LQFISSGL,0
LQFLLDTC,0
LQGGQLEE,0
LQGSLLWA,0
LQGVHQGA,0
LQKEEAQK,0
LQKMPLGK,0
LQLVDAGK,0
LQPTPQVT,0
LQQAGDQE,0
LQREEAEN,0
LQSHENQE,0
LQSQVPNI,0
LQYADPVS,0
LRISSLEG,0
LSAFGDVS,0
LSAIAAMN,0
LSATMPSD,0
LSCHGWVL,0
LSDAIPGL,0
LSDEIKEE,0
LSDLNEVP,0
LSDVCDVP,0
LSEVGDTQ,0
LSFFDHST,0
LSGDHCII,0
LSGETAKG,0
LSGGTTMY,0
LSGLLDSP,0
LSHTVEEK,0
LSLGLETA,1
LSLLQDSG,0
LSLPCILN,0
LSPSLEAR,0
LSPWGAEV,0
LSRPQDAL,0
LSRPVLEG,0
LSTSIAQL,0
LSVPCILG,0
LSYEVVDK,0
LTAASEAA,0
LTAQHENF,0
LTDLYPER,0
LTDPDAPS,0
LTGDLESF,0
LTHLNLSG,0
LTLNLEDV,0
LTNLIHTK,0
LTPVEEAP,0
LTTASGVS,0
LTTSAGIM,0
LTVADMER,0
LVADKVIV,0
LVAETFAQ,0
LVDAGKVD,0
LVDLDHQR,0
LVDSVLDV,0
LVDVIEDK,0
LVEDKGNQ,0
LVETPTGY,0
LVFEAPNQ,0
LVFLPFAD,0
LVFPSEIV,0
LVGALSES,0
LVGGASLK,0
LVGLFEDT,1
LVGPEGCG,0
LVGVDQFL,0
LVHDPEFD,1
LVHNAQNL,0
LVHPDLDR,0
LVIEHIQV,0
LVIGGGSG,0
LVINYDLP,0
LVIQSSPP,0
LVKPSFDP,0
LVKSTLGP,0
LVLLSYVH,0
LVLNLQDE,0
LVLNSLAE,0
LVNDPQPE,0
LVQEISFG,0
LVQIEYAL,0
LVQMVVDG,0
LVSIPEDV,0
LVSNLNPE,0
LVSSGEGK,0
LVSVLPEG,0
LVTALCDI,0
LVTEVENG,0
LVTQQLVK,0
LVVAPAGI,0
LVVGLCTG,0
LVVPIIEN,0
LVYAPPGK,0
LVYEQDRP,0
LWAHTLHS,1
LWESLENA,1
LWSQGQLH,0
LYANTVLS,1
LYDLENLP,0
LYPEGQAP,0
LYPWGVVE,0
LYRGDVVP,0
LYSLAWAG,0
LYTLIVRP,1
LYTLVLTD,1
LYTLVTYV,1
MACCLLYR,1
MAIATGGA,0
MAKDDLSG,0
MAPGAGAI,0
MASIPLPD,0
MASLDQPT,0
MATAASSS,0
MATVTALR,0
MAVEFLHE,1
MDAELEFA,1
MDPLGGSD,0
MDQVENHE,0
MDTLLATL,0
MDVDHQIA,0
MDVIQHET,0
MEAIAPPL,0
MECNLNEL,0
MEISEDKT,0
MEKQQQDQ,0
MENANVLA,0
MEQGETPL,0
MESCGIHE,0
MFDQSQIQ,0
MFMAPGAG,0
MFVMGVNH,0
MGDIPAAV,0
MGHCDSVY,0
MHAYALEL,0
MHLNVGLR,0
MHTVCLSK,0
MIEPIDEY,0
MIFDHEFT,0
MILNKPGL,0
MILPVGAA,0
MILPVGAE,0
MKDPSVVV,0
MLDPAEKD,0
MLETDVHE,1
MLGDPCLK,0
MLGQAEEV,0
MLGSYGSL,0
MLLANKVP,0
MLNIINSS,0
MMDVDHQI,0
MNDIKPIW,0
MNFSKGEE,0
MNSFNTDE,0
MNVAGVSL,0
MNVDHEVN,0
MNYEGSPI,0
MPLSEEAI,1
MPSDVLEV,0
MQDATAQM,0
MQEFMILP,1
MSAFDPLK,0
MSDDDGWQ,0
MSEFMECN,1
MTEPIDEY,0
MTHGNTGF,0
MTQAGVEE,0
MTTVHAIT,0
MVDNEAIY,0
MVTEEDKR,0
MVTPGHAC,0
MVVGESGL,0
MVWEGLNV,0
MVYPFTGD,0
MYGIENEV,0
MYLNEVAG,0
MYPGIADR,0
NAATEDLW,0
NACWELYC,0
NALDNVDA,0
NALYPEGQ,0
NAPLIFER,0
NAQNLMQS,0
NASGKPIA,0
NASNNELV,0
NATVTTCH,0
NAVITVPA,0
NCEVTNLN,0
NDDDETEV,0
NDEELNQL,0
NDELEIIE,1
NDGATILS,0
NDIKPIWQ,0
NDLNFIKQ,0
NDPQPEHP,0
NEAIYDIC,0
NEALYDIC,0
NEANLSNL,0
NEATGGKY,0
NEEDAAEL,0
NEELMASL,1
NEHSLVID,0
NEILTAII,1
NELLDYED,0
NENTFLDL,0
NEQFINAA,0
NESTPPSE,0
NEVFLSLP,1
NFEDVAFD,1
NFEGEVTK,1
NFEGLLWS,1
NFNKSAPE,0
NFSKGEEN,0
NFVFGQSG,1
NGGSLGSK,0
NGIITNYK,0
NGISDLVK,0
NGKEVAAQ,0
NGLTLGGQ,0
NGNLQLEL,0
NGNQPMEI,0
NHEFLVKP,1
NHFCEEFG,0
NHINVELS,1
NIDGTHIA,0
NIEVMNSF,0
NIINSSIT,0
NIKDELKK,0
NILHDDCA,0
NILHVSEN,0
NIPFTGNV,0
NIQGITKP,0
NIVGLVGV,1
NKIGFEEK,0
NKIPATQK,0
NKSAPELK,0
NKVNLAEL,0
NKVPAAAR,0
NKVTLDWA,0
NLCAIHAK,0
NLDGVANA,0
NLEDVQPH,0
NLEGEETF,0
NLGDQQSF,0
NLISFTEV,0
NLLKPISV,0
NLMDAQVK,0
NLNFNKSA,0
NLPGAAVD,0
NLQDESFT,0
NLTHLNLS,0
NLVLFDKA,1
NMSDDDGW,0
NMVSHTER,0
NMVTPGHA,0
NNATVTTC,0
NNEFIVIH,1
NNLLKPIS,0
NPADSKPG,0
NPALADIY,0
NPAPPIDA,0
NPDFKPPA,0
NPEHNDFL,0
NPESGYNV,0
NPNSTEHM,0
NQLDQEVE,0
NSAALIQQ,0
NSEGGLHV,0
NSEPASLL,0
NSFNTDED,0
NSIATQGE,0
NSLAEEKL,0
NSNGFICD,0
NSNTQVVL,0
NSSHAGAF,0
NSSSSNFE,0
NSVLLVSN,1
NSVLVIID,1
NTDEDTKK,0
NTDVPLVL,0
NTIPHEVQ,0
NTIPQDEK,0
NTIPQEDK,0
NTLAEKDE,0
NTNVDKPL,0
NVAGVSLK,0
NVCNENSL,0
NVDHEVNL,0
NVDLTEFQ,1
NVRPDIVL,0
NVTNPNST,0
NVTTCNDY,0
NVVQLWAH,0
NYDLPNNR,0
NYDLPTNR,0
NYEAGKDD,0
NYEGSPIK,0
NYKPPAQK,0
NYQDTIGR,0
PAAAAAPA,0
PADSKPGT,0
PADYKPPA,0
PAGDALLQ,0
PAGHQEEA,0
PAHAVDAV,0
PALNEANL,0
PAQTSLEY,0
PATGFIDG,0
PAVSEKDI,0
PAYFNDSQ,0
PCDFLIPV,1
PCEQLVTA,1
PCHIEMIL,0
PCILGQNG,0
PCIQAESE,1
PDFEPSTE,0
PDFKPPAD,0
PDGQMPSD,0
PDGYWIEI,1
PDIVLLGK,0
PDNTYEVK,0
PDSPSAQL,0
PDTNGSQF,0
PDVVITEK,0
PEAPLAAG,0
PEEEVAQK,0
PEEFEHMK,0
PEELREDD,1
PEEMIQTG,1
PEFVDIIN,0
PEGQAPVK,0
PEHNDFLK,0
PEILAIAP,1
PELIPQLV,0
PELLFIHG,1
PEMIGHYL,0
PERPFLAI,0
PESGYNVS,0
PEVDLVIQ,1
PEVIPENT,0
PEVMVAFQ,1
PFAPSGLK,0
PFLAILGG,0
PGAGAIPK,0
PGCINYDL,0
PGDYNINI,0
PGEAEADG,0
PGEYTSFL,1
PGFQLVFL,1
PGGFGAQG,0
PGGSSTPL,0
PGHACTQK,0
PGLSQEAA,0
PGNKVNLA,0
PGPGGFGA,0
PGPGLSQE,0
PGTSFEFA,0
PHMHAYAL,0
PHTKPWIG,0
PIAAVMNT,0
PIDAVEQI,1
PIDEYCVQ,0
PIDVTEGE,1
PIDYTILD,1
PIIENTPE,0
PINAFIGG,1
PIPEEYTF,0
PISVEGSS,0
PIWQRPSK,0
PKDVESYI,0
PKPEEEVA,0
PLAAGIVG,0
PLDAVIEA,1
PLELDLTG,1
PLEMEQQQ,1
PLGECIIA,0
PLGGSDTA,0
PLLGGSLM,0
PLLGWNSF,0
PLLLASGM,0
PLLSGLLD,0
PLLVAETF,0
PLMGVIYV,1
PLNMILDD,1
PLPMMPLS,0
PLSCHGWV,0
PLTAQHEN,0
PLTMLQSQ,1
PLVLMNSF,1
PMFVMGVN,0
PMTHGNTG,0
PNAPLIFE,0
PNFPSPEY,0
PNIELSYE,1
PNLTHLNL,0
PNMVTPGH,0
PNSTEHMK,0
PPADYKPP,0
PPELLEII,1
PPKDVESY,0
PPLLQELK,0
PPSAEVEA,0
PPSQPEDL,0
PQALIDQL,1
PQALSEHL,1
PQAQPVLV,0
PQPEHPLR,0
PQPNFPSP,0
PQVSLIIN,1
PQVTQEQG,0
PSADAPMF,1
PSAFVAAA,1
PSALAILE,1
PSALAIME,1
PSAPQGGR,0
PSDECGAG,0
PSDVLEVT,0
PSEELELD,1
PSEIVGKK,0
PSFDPNLS,0
PSPVTAQK,0
PSQPEDLS,0
PSVFAEVP,1
PTALLAHE,1
PTGGVGAV,0
PTGTYHGD,0
PTGYIESL,0
PTPQVTQE,0
PTQEELEA,0
PTQTVVMH,0
PTQWLDGK,0
PTVFFDIA,1
PTVIDEVR,0
PVAAATTA,0
PVDFVTAD,1
PVDISDSD,0
PVDYLLGV,1
PVEDNEKD,0
PVEHPDKF,0
PVGAANFR,0
PVGAESFR,0
PVLLDALT,0
PVLVGALS,0
PVNVTTEV,0
PVQDLGST,0
PVQTQHPI,0
PVSAQHAK,0
PVSPLLLA,0
PVTNAVIT,0
PVVAMVWE,1
PVVDHEFD,0
PVVQSDMK,0
PVWSGMNV,0
PWGPKPFR,0
PWIGLAEA,1
QAAKDPSA,0
QADLYISE,1
QAEEVVQE,0
QAEHELNL,0
QAFQTIAR,0
QAGDQELL,0
QALSLAVD,0
QAMPTLIE,0
QAQPVLVF,0
QASPLLQY,0
QATDFGEA,0
QAVEVVIT,1
QAYRPEMK,0
QDADIEDF,0
QDATAQMA,0
QDGSLDLN,0
QDGSQNTN,0
QDIENAYK,0
QDILDLVG,0
QDLGSTVI,0
QDTSRPPL,0
QDVAQNPA,0
QDVDLAEV,1
QDVSASTK,0
QEAASLLG,0
QEAFDISK,0
QEDWLVSV,1
QEELAAAE,0
QEEMLQRE,1
QEESIKPK,0
QEHCSSIV,0
QEISFGTT,0
QELLHQAK,0
QEMATAAS,0
QEPIPCEQ,0
QEQGHLLP,0
QEVEFLST,1
QEYAQVIK,0
QEYEVVTE,0
QFASQEIA,0
QFGFIVLT,1
QFGVGFYS,0
QFISSGLS,0
QFLLDTCK,0
QGAGFQDI,0
QGAGGPGP,0
QGAYQEAF,1
QGETPLTM,0
QGHLLPER,0
QGHQDQSI,0
QGITKPAI,0
QGQLHGLK,0
QGRPPEHT,0
QGSLLWAA,0
QGVHQGAG,0
QHKPSAPQ,0
QHYQDTLI,0
QIAAENEE,0
QIIEACDV,0
QILHSEEF,0
QILPTLVR,0
QIVPKPEE,0
QLALIAAS,1
QLDGLNAS,0
QLEEVILQ,1
QLELAQVL,1
QLEPTFIK,0
QLIDDHFL,0
QLIGIQDG,0
QLKPDVVI,0
QLNGNLQL,0
QLQEELAA,0
QLQGGQLE,0
QLVANVTN,1
QLVDAGKV,0
QMAEIAVN,0
QMAMLQFI,1
QMHLNVGL,0
QMVVDGVK,0
QNGISDLV,0
QNLDGVAN,0
QNLMQSVK,0
QNMVSHTE,0
QNPANMSK,0
QNTNVDKP,0
QNVPLEDR,0
QPDGQMPS,0
QPGCINYD,0
QPNFPSPE,0
QPTPQVTQ,0
QPTQTVVM,0
QQADFLDA,0
QQAGDQEL,0
QQAYRPEM,0
QQELQEYE,1
QQHGGVSL,0
QQIEHLNK,0
QQILHSEE,0
QQLIDDHF,0
QQMHLNVG,0
QQQAYRPE,0
QQQDQVDR,0
QQQLIDDH,0
QQSHFPMT,0
QQVLWNCL,0
QQVSLVIN,1
QREEAENT,0
QRPGPGLS,0
QRPPSEMA,0
QSEADADI,0
QSFLQPGG,0
QSGAGNNW,0
QSHENQEI,0
QSHFPMTH,0
QSIISTVE,0
QSQIQEFK,0
QSQVPNIV,0
QSSANYAE,0
QSSPPKDV,0
QTGISAID,0
QTIDNSQG,0
QTLLDAGL,0
QTNLVPYP,0
QTVDGRPC,0
QVAGTPMF,0
QVCNPIIS,0
QVIQSLIA,0
QVLAQERP,0
QVSSLLGE,0
QVTPPGFQ,0
QVTQEQGH,0
QVVLLSAT,1
QVVQVVLD,1
QYADPVSA,0
QYFGILLD,1
QYNVVQLW,0
QYPVEHPD,0
QYQEPIPC,0
RDGDILGK,0
RDMLLANK,0
REDDVGTG,0
REEAENTL,0
RISSLEGR,0
RPDIVLLG,0
RPDNTYEV,0
RPFLAILG,0
RPGPGLSQ,0
RPPEHTSK,0
RPPLEYVK,0
RPPSEMAD,0
RPQDALEG,0
RPTGGVGA,0
RPVLEGLR,0
SAALIQQA,0
SADESGQI,0
SAFGDVSK,0
SAGIMDHE,0
SAGQGEVL,0
SAIAAMNE,0
SAIDGMNS,0
SALILHDD,0
SAPGPLEL,0
SASASFFL,0
SASFFLDK,0
SATMPSDV,0
SAVIHSEN,0
SCGIHETT,0
SDAIPGLK,0
SDAYYCTG,1
SDDDGWQF,0
SDECGAGV,0
SDEIKEER,0
SDGIMVAR,0
SDLNEVPV,0
SDNAPPPE,0
SDVCDVPT,0
SDVLEVTK,0
SEAAEQGR,0
SEAALQAI,0
SEADADIL,0
SEALLVTQ,1
SEEFLSFF,1
SEEGETEA,0
SEFTLASD,0
SEGGLHVD,0
SEGLWEIE,1
SEHLKNPV,0
SEHSMDTL,0
SEIGAEEA,0
SEISTWDG,0
SEKDIQDL,0
SEKWQQAL,0
SELAEDKE,0
SENDLNFI,0
SENKIPAT,0
SEPASLLE,0
SEVELVQM,1
SEVGDTQV,0
SFDPNLSE,0
SFEFALAI,1
SFELLSHT,1
SFEYIEAH,1
SFFDHSTR,0
SFGTTKDK,0
SFIGAIAI,1
SFLAPISS,0
SFLDISRP,0
SFLGMESC,1
SFLNDVGP,0
SFLQPGGK,0
SFNGALAA,1
SFNTDEDT,0
SFSEVQGM,0
SGAGNNWA,0
SGDHCIIG,0
SGELNQYS,0
SGETAKGD,0
SGETEDTF,0
SGGEEGAR,0
SGGGLLQK,0
SGGLAAAK,0
SGGLASAR,0
SGGTTMYP,0
SGKPIAAV,0
SGLLDSPA,0
SGMDEMAV,0
SGMNVAGV,0
SGNVVNKK,0
SGPSIVHR,0
SGSLSSTS,0
SGSSHQDL,0
SGVCIDSE,0
SGVQHKPS,0
SGVSGGEE,0
SGVSVLPQ,0
SHENQEIY,0
SHFPMTHG,0
SHQDADIE,0
SHQDLSQK,0
SHVSFPLE,0
SIASVADT,0
SIATQGEL,0
SIDSVEDH,1
SIEDSVIS,1
SIENIAFG,1
SIIHSSLA,0
SIISTVEP,0
SIPEDVVQ,0
SITYKPVK,0
SIVMITKL,1
SKGEENLM,0
SLAEEKLQ,0
SLDLFNCE,1
SLDQPTQT,0
SLEDLIFE,1
SLEGDSGR,0
SLELFMYL,1
SLEYALLD,1
SLFDKDGD,0
SLFLTDLY,0
SLGLPFGK,0
SLIALVND,1
SLIYTNYE,1
SLKDYCTR,0
SLKPEFVD,0
SLLQDSGE,0
SLLWAAGQ,0
SLPCILNA,0
SLPENASH,0
SLSDLNEV,0
SLSEYVSR,0
SLSGDHCI,0
SLVFPLLV,1
SLVIDTLK,0
SMDTLLAT,0
SMDVIQHE,0
SMMDVDHQ,0
SMSAFDPL,0
SNGFICDY,0
SNIDGTHI,0
SNSAALIQ,0
SNSSSSNF,0
SNVFAMFD,1
SPAHAVDA,0
SPCHIEMI,0
SPDGHLFQ,0
SPEYMIFD,1
SPHTKPWI,0
SPLLLASG,0
SPLLQYFG,0
SPPKDVES,0
SPSAQLAL,0
SPVEDNEK,0
SPWGAEVK,0
SQATDFGE,0
SQAVSNAR,0
SQEESIKP,0
SQFGTVEK,0
SQGQLHGL,0
SQNTNVDK,0
SQPEDLSL,0
SQPGVDGF,0
SQQADFLD,0
SQSFLQPG,0
SQVAGTPM,0
SQVPNIVK,0
SRPPLEYV,0
SRPQDALE,0
SRPVLEGL,0
SSAMLESL,1
SSANYAEN,0
SSAPGPLE,0
SSGNVVNK,0
SSGSLSST,0
SSHQDLSQ,0
SSLLGEED,0
SSPCHIEM,0
SSPPKDVE,0
SSQAVSNA,0
SSSGSLSS,0
SSSLAVVD,0
SSSRSASR,0
SSSSNFEG,0
SSSSRSAS,0
SSSSSRSA,0
SSTPLIPK,0
SSTSSWYS,1
SSVPVWSG,0
SSVYPTQE,0
SSYFVEWI,1
STAISLFY,0
STCPDDEE,0
STESLQFL,1
STGVFTTM,0
STSIAQLK,0
STTVETKE,0
STVEPAQR,0
SVAAMVYP,1
SVADTAEE,0
SVDETIKN,0
SVISLSGD,0
SVLDVVRK,0
SVLPEGSR,0
SVLRISSL,0
SVNYKPPA,0
SVPAPACA,0
SVPCILGQ,0
SVPVWSGM,0
SVYPTQEE,0
SWEGAFQH,1
SWYSSSSS,0
SYDYLVIG,1
SYEVVDKD,0
SYSMIVNN,1
TAAGGDGA,0
TAAPAAAA,0
TAASEAAC,0
TAASSSSL,0
TADKFDEN,0
TADNLVLN,1
TADSQPPV,0
TAFLHPEE,0
TAGGVMTA,0
TAIIQGMR,0
TAISLFYE,0
TAKGDYPL,0
TAQHENFR,0
TASGVSVL,0
TAVHDAIL,0
TDEDTIID,1
TDFGEALV,0
TDPDAPSR,0
TDQVIQSL,0
TDVNSILR,0
TEANNHKK,0
TECCHGDL,0
TEDKINAL,0
TEDTFIAD,0
TEDTFMAD,0
TEEEYEDS,1
TEFQTNLV,0
TEGAELVD,0
TEGEVISL,0
TEHAHQVV,0
TEHVAAAE,0
TEIRDMLL,0
TEKEQIVP,0
TELAEDKE,0
TELPPTHP,0
TEPIDEYC,0
TEPTTAFN,0
TESFQVKR,0
TEVENGGS,0
TEVLKEDI,1
TFAPVNVT,0
TFDDHDPV,0
TFDDHDSV,0
TFEAAILT,1
TFEAAMLG,1
TFIADLVV,1
TFITDCKD,0
TFKEEEPV,0
TGAGLLEI,0
TGDLESFK,0
TGDVTAWT,0
TGETGIEE,0
TGFIDGDL,0
TGGAVFGE,0
TGGKYVPR,0
TGGMAFHS,0
TGGVGAVA,0
TGIFLDLM,1
TGISAIDG,0
TGIVQGLK,0
TGKITDFI,0
TGTYHGDS,0
TGVFTTME,0
TGVLKPGM,0
TGYIESLP,0
THEDAVAA,0
THEEAVAA,0
THETAFLG,0
THGHVGAD,0
THGNTGFS,0
THINIVVI,1
THIPGSPF,0
THLAPGTK,0
THLNLSGN,0
THQTSLEL,0
TIDNSQGA,0
TIGEILKK,0
TIHLPSPV,0
TIIDIITH,0
TIIDILTK,0
TIIGKEDA,0
TIIGSFNG,0
TIIPVLVG,0
TILDDIGH,0
TILEGHLG,0
TIPHEVQK,0
TIQQCCEN,0
TISSSLAV,0
TIVDDDDY,0
TKENLLDF,0
TKLVEVGR,0
TKPSDEEM,0
TLADDVTL,0
TLAEKDEF,0
TLAPTQWL,0
TLASSQAV,0
TLDDLIMA,1
TLDESLTN,0
TLDWAKPK,0
TLEHSDCA,0
TLGSEVVD,0
TLIELMKD,1
TLINSLFL,1
TLIVVPDV,0
TLKPSTLR,0
TLLATLKK,0
TLLDAGLP,0
TLLEGSGL,0
TLLKPNMV,0
TLMVVGES,0
TLNDELEI,0
TLNLEDVQ,0
TLPDTLQG,1
TLPTEYDS,0
TLQGSLLW,0
TMPSDVLE,0
TMYPGIAD,0
TNAVITVP,0
TNDGATIL,0
TNGIYPHK,0
TNLCAIHA,0
TNLVPYPR,0
TNPADSKP,0
TNPNSTEH,0
TNTIPHEV,0
TNTIPQDE,0
TNTIPQED,0
TNVDKPLR,0
TNYEAGKD,0
TPDMMEEM,1
TPGHACTQ,0
TPQTVLFK,0
TPQVTQEQ,0
TPTGYIES,0
TPVEEAPK,0
TQAMAFDG,0
TQEELEAV,1
TQEQGHLL,0
TQGHQDQS,0
TQSEADAD,0
TQTVVMHR,0
TQVMAASM,1
TSAGIMDH,0
TSASGDEM,0
TSAVIHSE,0
TSAYLQDI,1
TSEIGAEE,0
TSFLAPIS,0
TSIASVAD,0
TSLSEYVS,0
TSQSGDEM,0
TSRPPLEY,0
TTAAPAAA,0
TTASGVSV,0
TTFNSIMK,0
TTHQTSLE,0
TTLDESLT,0
TTLEHSDC,0
TTMYPGIA,0
TTPQTVLF,0
TTQAMAFD,0
TTSAGIMD,0
TTSAVIHS,0
TTVETKEP,0
TTVHAITA,0
TVAESAEE,0
TVDGRPCK,0
TVELLVED,1
TVETKEPE,0
TVFACLMG,0
TVGCVAGD,0
TVHAITAT,0
TVLCELIN,0
TVLSGGTT,0
TVPAYFND,0
TVQQIEHL,0
TVTEDKIN,0
TVTNDGAT,0
TVTTCHSK,0
TWDGVIVT,1
TYHGDSDL,0
TYVPVTTF,0
VAAAELGA,0
VAAAPVAA,0
VAAATTAA,0
VADKVIVT,0
VADLTGEL,0
VADTAEEK,0
VADTNNHQ,0
VADVSIED,0
VADVTTPQ,0
VAECFDEI,0
VAESAEEE,0
VAETFAQK,0
VAFQDVAQ,0
VAGDEESY,0
VAGGAPSV,0
VAGTPMFV,0
VAHIIDPK,0
VAINMVTE,1
VALAQAVN,0
VALDFEQE,1
VALINAAI,0
VALMKEEG,0
VALNPDFK,0
VALSDVCD,0
VALVHPDL,0
VANALDNV,0
VANDEELN,0
VAPAGITL,0
VAPESFEY,0
VAQHYQDT,0
VAQNPANM,0
VAQQVLWN,0
VASYLLAA,1
VAVTMGPK,0
VCAAYAHE,0
VCDVPTAK,0
VCIESEHS,1
VCNENSLF,0
VCNPIISG,0
VDAGKVDD,0
VDAVIAEL,0
VDDLDFFI,0
VDEATIID,1
VDETIKNP,0
VDFLSDEI,0
VDGEPLGR,0
VDGFLVGG,1
VDIINAKQ,0
VDISDSDM,0
VDLEPTVI,0
VDNEAIYD,0
VDPLDGTK,0
VDSVLDVV,0
VDVFREDL,1
VDVGDVDA,0
VDVIDQNR,0
VDVIEDKL,0
VDVLVSSG,0
VDWCPTGF,0
VEAANYQD,0
VEAGDVIY,0
VEAIVLPM,0
VEALNGKE,0
VEDHLAWS,0
VEDIIDTG,0
VEDKGNQV,0
VEDNEKDL,0
VEDPAGHQ,0
VEEGIVLG,1
VEELAEQL,1
VEFATHED,0
VEFATHEE,0
VEFVTHED,0
VEGVAHII,0
VEHPDKFL,0
VELCPILP,0
VELNGNQP,0
VELQKEEA,0
VELSLLGK,0
VENGGSLG,0
VENPEHND,0
VEQAFQTI,0
VEQILPTL,0
VEQLLQDP,0
VESDADEE,0
VESTGVFT,0
VETAAGGD,0
VETGVLKP,0
VETKEPEK,0
VETPTGYI,0
VEVVITHL,0
VEWIPNNV,0
VEYAQEAV,0
VFACLMGK,0
VFAKPPDQ,0
VFALTNGI,1
VFEAPNQE,0
VFGEEGLT,0
VFIFWAPE,1
VFLPFADD,0
VFPSEIVG,0
VFSPDGHL,0
VFVLDEAD,0
VGAGGAGL,0
VGALSESK,0
VGAPMHDL,0
VGCVAGDE,0
VGDAIPAV,0
VGDTQVVV,0
VGESGLGK,0
VGGASLKP,0
VGIYEVTH,1
VGLCTGQI,0
VGNLNFNK,0
VGPEAPLA,0
VGPEGCGK,0
VGSGVSGG,0
VGSPVEDN,0
VGSQATDF,0
VGTGAGLL,0
VGVDQFLV,0
VGVEHLLR,0
VGVYEALK,1
VHAITATQ,0
VHDAILED,0
VHILASVL,1
VHNAQNLM,0
VHQGAGFQ,0
VHTECCHG,0
VHVLCNSE,0
VIAADMLG,0
VIACIGEK,0
VIAGLNVL,0
VIEAEHTL,0
VIEHIQVN,0
VIFTDVNS,0
VIGGGSGG,0
VIGHVDSG,0
VIHNGIIT,0
VIIDVKPK,0
VIISAPSA,0
VILDAGAQ,0
VILDDVDS,0
VILQAEHE,0
VINYDLPT,0
VIPGGSST,0
VIQAMPTL,0
VIQHETIG,0
VIQSSPPK,0
VISASASF,0
VISLGLPF,0
VISLSGDH,0
VITHLAPG,0
VITKPDVY,0
VITVPAYF,0
VIVTEEAI,0
VIVTPSEK,0
VIVVITDG,0
VIYVPLTD,0
VKEVSTYI,0
VKPSFDPN,0
VKSTLGPK,0
VLAEVAQH,0
VLAIFNLL,0
VLAKPPDK,0
VLAQERPK,0
VLCNSEDI,0
VLDEADVM,0
VLDGADCI,0
VLDGLSNI,0
VLDQVEAR,0
VLEQVVTS,1
VLFHHEGG,0
VLGFLEAN,1
VLGGGCAL,0
VLGHELGH,0
VLHDPETL,0
VLISEAQA,0
VLLDALTD,0
VLLGIEQQ,0
VLLSYVHI,0
VLNLQDES,0
VLNSLAEE,0
VLQPTPQV,0
VLRISSLE,0
VLSGGTTM,0
VLSPSLEA,0
VLTDPDAP,0
VLTTSAGI,0
VLTVADME,0
VLVGALSE,0
VLVSSGEG,0
VLVYVEDP,1
VMDPLGGS,0
VMEKPNIR,0
VMGVNHEK,0
VNDFLAEI,1
VNDPQPEH,0
VNDTIQID,0
VNGLTLGG,0
VNHFCEEF,0
VNLAELFK,0
VNLGDQQS,0
VNLPGAAV,0
VNNLLKPI,0
VNPESGYN,0
VNVTTEVK,0
VNYKPPAQ,0
VPAPACAL,0
VPAYFNDS,0
VPCGNIVG,0
VPCILGQN,0
VPFAPSGL,0
VPIIENTP,0
VPKPEEEV,0
VPLTDKEK,0
VPQAQPVL,0
VPVQDLGS,0
VPVWSGMN,0
VQDLGSTV,0
VQEISFGT,0
VQFASQEI,0
VQFVDMVK,0
VQGMVELN,1
VQHKPSAP,0
VQMVVDGV,0
VQNMVSHT,0
VQPHDLGK,0
VQQHGGVS,0
VQQIEHLN,0
VQRPGPGL,0
VQTQHPIR,0
VQYPVEHP,0
VRPDIVLL,0
VRPDNTYE,0
VSEDFLQD,1
VSEFYEET,1
VSEKDIQD,0
VSENVIFT,1
VSFPLEGL,0
VSFSEVQG,0
VSGGEEGA,0
VSILMASI,1
VSIPEDVV,0
VSLKDYCT,0
VSMDVIQH,0
VSNIDGTH,0
VSNLNPER,0
VSNSAALI,0
VSPLLLAS,0
VSSLLGEE,0
VSTTVETK,0
VSVDETIK,0
VSVLPEGS,0
VSVLPQNR,0
VTADKFDE,0
VTALCDIK,0
VTDFFLQL,1
VTEDKINA,0
VTEEAIAK,0
VTEVENGG,0
VTFAPVNV,0
VTFDDHDP,0
VTFDDHDS,0
VTGGWDNL,0
VTHEDAVA,0
VTKENLLD,0
VTLAPTQW,0
VTLDWAKP,0
VTNAVITV,0
VTNDGATI,0
VTNLNDYR,0
VTNPNSTE,0
VTNTIPHE,0
VTNTIPQD,0
VTNTIPQE,0
VTPGHACT,0
VTPPGFQL,0
VTQEQGHL,0
VTSEIGAE,0
VTSIASVA,0
VTTPQTVL,0
VTVTEDKI,0
VTYVPVTT,0
VVAPAGIT,0
VVDHEFDA,0
VVDKDSIR,0
VVESTGVF,0
VVGAGGAG,0
VVGESGLG,0
VVGLCTGQ,0
VVGPEAPL,0
VVHPGDLK,0
VVIAADML,0
VVIGHVDS,0
VVILDAGA,0
VVITHLAP,0
VVLDGLSN,0
VVLGHSER,0
VVLSPSLE,0
VVMEKPNI,0
VVPIIENT,0
VVTESEKR,0
VVTFAPVN,0
VVTNTIPH,0
VVTNTIPQ,0
VVTSIASV,0
VVVGAGGA,0
VVVGPEAP,0
VVVTNTIP,0
VVWVDPLD,0
VVYNASNN,0
VWEGLNVV,0
VWSGMNVA,0
VWVDPLDG,0
VYADASLV,0
VYAPPGKE,0
VYEQDRPL,0
VYNASNNE,0
VYPFTGDH,0
VYPTQEEL,0
WAPESAPL,0
WARPPISM,0
WASFLNDV,0
WDNLLAVI,1
WEDMEDLV,0
WEGLNVVK,0
WEIENNPT,0
WGDAGAEY,0
WIEILNPN,0
WLDANTLA,0
WLYSLAWA,0
WNCLIEDP,1
WNIKDELK,0
WNNATVTT,0
WNSFVVWK,0
WPELIPQL,0
WPQEAGEY,0
WQEHCSSI,0
WQPDTEEE,0
WSADESGQ,0
WSGMNVAG,0
WSQGQLHG,0
WVDPLDGT,0
WYSSSSSR,0
YADASLVF,0
YADPVSAQ,0
YAENFIQS,1
YAPPGKEK,0
YAQEAVKK,0
YASPAHAV,0
YCIDNEAL,1
YCLEHGIQ,0
YCTGDVTA,0
YDDMLVVP,1
YDLENLPA,0
YDYGPHFQ,0
YEAGKDDY,0
YEDSSGNV,0
YEFLTPVE,0
YEIDLQKM,0
YENVRPDI,0
YEQDRPLK,0
YEVVDKDS,0
YEVVTESE,0
YFEYIEEN,1
YFPIPEEY,0
YGIENEVF,0
YHEMIESG,1
YHGDSDLQ,0
YHTSQSGD,0
YIPLPDEK,0
YIQQLCED,0
YISEGLHP,0
YISLIYTN,0
YLNEVAGK,0
YLSLLQDS,0
YNASNNEL,0
YNEATGGK,0
YNTDVPLV,0
YNVSLLYD,1
YNVVQLWA,0
YPEGQAPV,0
YPFTGDHK,0
YPTQEELE,0
YPVEHPDK,0
YPVTNAVI,0
YPVVDHEF,0
YQEPIPCE,0
YQGAGGPG,0
YQSNTILR,0
YRGDVVPK,0
YSAFLVAD,1
YSALILHD,0
YSSSSSRS,0
YTEGAELV,1
YTGIVQGL,0
YTSASGDE,0
YVADTNNH,0
YVNGLTLG,0
YVPLTDKE,0
YVPVTTFK,0
YVQQHGGV,0
YVSNIDGT,0
YWPQEAGE,0
YYTSASGD,0
AAAKFERQ,0
AAAMKRHG,0
AAAMSSAI,0
AAKFERQH,0
AAKFESNF,0
AAMKRHGL,0
AASSSNYC,0
AAVLAEAM,1
ACEGNPYV,0
ACKNGQTN,0
ADVQAVCS,0
AEAMSQVT,1
AECFRIFD,1
AEELAEIF,1
AETFYTDG,1
AETFYVDG,1
AETFYVDK,1
AFVLAEAM,1
AGVLAEAM,1
AKFERQHM,0
AKFESNFN,0
AKKIVSDG,0
AKVLAEAM,1
AKVLVVQP,1
ALLSSDIT,0
ALTNAVLV,0
AMKRHGLD,0
AMVNQALV,0
ANKHIIVA,0
AQNYPIVL,1
AQNYPIVQ,1
AQTFYVNL,1
AQVLAEAM,1
ARALAEAM,1
ARGLAEAM,1
ARILAEAM,1
ARLMAEAL,1
ARNLAEAM,0
ARNLFEAL,1
ARNLFIAL,1
ARNLFQAL,1
ARNLFVAL,1
ARNYPEAL,1
ARNYPIVL,1
ARRLAEAM,1
ARSLAEAM,0
ARVAAEAM,1
ARVFAEAM,1
ARVIAEAM,1
ARVLAAAM,0
ARVLADAM,0
ARVLAEAA,1
ARVLAEAE,1
ARVLAEAG,1
ARVLAEAK,1
ARVLAEAM,1
ARVLAEAP,1
ARVLAEAR,1
ARVLAEDM,0
ARVLAEEM,1
ARVLAEFM,1
ARVLAEGM,1
ARVLAERM,1
ARVLAESM,1
ARVLAGAM,0
ARVLALAM,1
ARVLANAM,0
ARVLAQAM,0
ARVLAVAM,1
ARVLFAAL,1
ARVLFDAL,1
ARVLFEAL,1
ARVLFEAM,1
ARVLFIAL,1
ARVLFNAL,1
ARVLFQAL,1
ARVLFTAL,1
ARVLFVAL,1
ARVLGEAM,1
ARVLIEAM,1
ARVLLEAM,1
ARVLMEAM,1
ARVLNEAM,1
ARVLVEAM,1
ARVMAEAM,1
ARVNAEAM,1
ARVVAEAM,0
ARVYAEAM,1
ARVYPEAL,1
ASILPVIP,0
ASSSNYCN,0
ASVNCAKK,0
ATAMMATA,1
ATIMMITA,1
ATIMMQRG,1
ATIYYITA,1
ATNRNTDG,0
ATVLAEAM,1
ATVLTVAL,1
AVCSQKNV,0
AWIRGCRL,0
AWRNRCKG,0
AWVAWRNR,0
AYKTTQAN,0
CAAKFESN,0
CAKKIVSD,0
CAYKTTQA,0
CEGNPYVP,0
CELAAAMK,0
CKGTDVQA,0
CKNGQTNC,0
CKPVNTFV,0
CNDGRTPG,0
CNIPCSAL,0
CNQMMKSR,0
CRETGSSK,0
CSALLSSD,0
CSQKNVAC,0
CYQSYSTM,0
DAINTEFK,1
DCRETGSS,0
DDLFFEAD,1
DGNGMNAW,0
DGRTPGSR,0
DGSTDYGI,0
DITASVNC,0
DKVLVVQP,1
DLVLLSAE,1
DNYRGYSL,0
DQILIEIC,1
DQNYPIVQ,1
DRCKPVNT,0
DSADAEED,1
DSSTSAAS,0
DTVLEEMS,1
DVQAVCSQ,0
DVQAWIRG,0
DYGILQIN,0
EEIMLAYQ,1
EGNPYVPV,0
EKVYLAWV,1
ELAAAMKR,0
ELEFPEGG,1
ELELAENR,1
ELILPVKR,1
ERQHMDSS,0
ERVLAEAM,1
ESLADVQA,0
ESNFNTQA,0
ETAAAKFE,0
ETGSSKYP,0
ETTALVCD,1
FAVSLAMT,1
FERQHMDS,0
FESNFNTQ,0
FGRCELAA,0
FHVNGLVK,0
FNTQATNR,0
FQAYPLRE,1
FQVNGLVK,0
FRSGVETT,1
FSVNGLVK,0
FVHESLAD,0
FVNNGLVK,0
FVVNGLVK,0
GALTNAVL,0
GAMVNQAL,0
GAVSLAMT,1
GAVWLAMT,1
GDALLERN,1
GDAYFSVP,1
GEMFFPVL,1
GFAMAEAL,1
GFIGVSYL,1
GGNYPVQH,1
GGRINVAL,0
GGVYATRS,1
GILQINSR,0
GKVLVVQP,1
GLAAPQFS,1
GLDNYRGY,0
GLNMPALV,1
GLTMVQEL,1
GLTMVTQL,0
GLVAFANL,1
GLVLQEGL,1
GMNAWVAW,0
GNGMNAWV,0
GNPYVPVH,0
GNWVCAAK,0
GQANFLGK,1
GQDFPMYL,1
GQNYPIVQ,1
GQTNCYQS,0
GQVNFLGK,1
GQVNYEEF,1
GRCELAAA,0
GRINVALV,0
GRTPGSRN,0
GSGALTNA,0
GSGAMVNQ,0
GSGGRINV,0
GSGLTMVT,0
GSGTWMVH,0
GSGVYQLS,0
GSHLVEAL,1
GSRNLCNI,0
GSSKYPNC,0
GSTDYGIL,0
GTDVQAWI,0
GTWMVHSL,0
GVALSALV,0
GVFSVNGL,0
GVFVNNGL,0
GVNVVNGK,0
GVQVVNGK,0
GVYQLSAL,0
GWILAEHG,1
GWILGEHG,1
GWVMTEAL,1
GYSLGNWV,0
HAVSLAMT,1
HESLADVQ,0
HGLDNYRG,0
HIIVACEG,0
HLVEALYL,1
HMDSSTSA,0
HYGFPTYG,1
IIVACEGN,0
ILQINSRW,0
INSRWWCN,0
INVALVPK,0
IPCSALLS,0
ITASVNCA,0
ITDCRETG,0
IVACEGNP,0
IVSDGNGM,0
KDIFPVTE,1
KDRCKPVN,0
KELYPLTS,1
KETAAAKF,0
KFERQHMD,0
KFESNFNT,0
KGSGALTN,0
KGSGAMVN,0
KGSGGRIN,0
KGSGLTMV,0
KGSGTWMV,0
KGSGVYQL,0
KGTDVQAW,0
KHIIVACE,0
KIVSDGNG,0
KKIVSDGN,0
KKLVVQPK,0
KLVLAQLS,1
KMMLLAKA,1
KNGQTNCY,0
KNVACKNG,0
KPVNTFVH,0
KQNYPIVQ,1
KQTFPIQQ,0
KRHGLDNY,0
KSGVFSVN,0
KSGVFVNN,0
KSGVNVVN,0
KSGVQVVN,0
KSRNLTKD,0
KSRVNVVN,0
KSRVQVVN,0
KTKKLVVQ,0
KTKVKVVQ,0
KTKVLKVQ,0
KTTQANKH,0
KVFGRCEL,0
KVKVVQPK,0
KVLKVQPK,0
KYPNCAYK,0
LAAAMKRH,0
LADVQAVC,0
LAVSLAMT,1
LCNIPCSA,0
LDNYRGYS,0
LECLLSIP,1
LEVNIVTD,1
LGNWVCAA,0
LKVLVVQP,1
LLSSDITA,0
LPVNGEFS,1
LQINSRWW,0
LQNYPIVQ,1
LQVLTLNI,0
LSSDITAS,0
LTKDRCKP,0
LTMVTQLV,0
LTNAVLVP,0
LWMGYELH,1
MDSSTSAA,0
MKRHGLDN,0
MKSRNLTK,0
MMKSRNLT,0
MNAWVAWR,0
MQNYPIVQ,1
MRVLAEAM,1
MSITDCRE,0
MVHSLVPK,0
MVNQALVP,0
MVTQLVPK,0
NAVSLAMT,1
NAWVAWRN,0
NCAKKIVS,0
NCAYKTTQ,0
NCYQSYST,0
NDGRTPGS,0
NFNTQATN,0
NGMNAWVA,0
NGQTNCYQ,0
NIPCSALL,0
NKHIIVAC,0
NLCNIPCS,0
NLTKDRCK,0
NPYVPVHF,0
NQMMKSRN,0
NQNYPIVQ,1
NRCKGTDV,0
NRNTDGST,0
NSRWWCND,0
NSVMIALV,1
NTDGSTDY,0
NTFVHESL,0
NTQATNRN,0
NVACKNGQ,0
NWVCAAKF,0
NYCNQMMK,0
NYRGYSLG,0
PAASFAMT,1
PAASLAMT,1
PAAWLAMT,1
PAGSFAMT,1
PAGSLAMT,1
PAGWLAMT,1
PAHSFAMT,1
PAHSLAMT,1
PAILPIIS,1
PAILVHTP,0
PALSFAMT,1
PALSLAMT,1
PALWLAMT,1
PASSLAMT,1
PASWLAMT,1
PAVALAMT,1
PAVELAMT,1
PAVGLAMT,1
PAVHLAMT,1
PAVIFAMT,1
PAVILAMT,1
PAVLAAMT,1
PAVLFAMT,1
PAVLGAMT,1
PAVLLAMT,1
PAVRLAMT,1
PAVSAAMT,1
PAVSEAMT,1
PAVSFAMT,1
PAVSGAMT,1
PAVSLALT,1
PAVSLAMT,1
PAVSLANT,1
PAVSLAYT,1
PAVSLGMT,1
PAVSLHMT,1
PAVSLLMT,1
PAVSLSMT,1
PAVSQAMT,1
PAVSRAMT,1
PAVSVAMT,1
PAVVLAMT,1
PAVWAAMT,1
PAVWFAMT,1
PAVWGAMT,1
PAVWLAMT,1
PAVWVAMT,1
PAWSLAMT,1
PCSALLSS,0
PDVSLAMT,1
PFAAAQQR,1
PFIFEEEP,1
PFVSLAMT,1
PGLSLAMT,1
PGNFFQSR,1
PGNFLQSR,1
PGNFPQSR,1
PGNFVQSR,1
PGNLLQSR,1
PGNYLQSR,1
PGSRNLCN,0
PGVSLAMT,1
PGVWLAMT,1
PHVSLAMT,1
PHVWLAMT,1
PIVGAETF,1
PKVLVVQP,1
PLIMAVVN,1
PMVGVLDA,1
PNCAYKTT,0
PNVSLAMT,1
PPVSLAMT,1
PQNFLQSR,1
PQNYPIVQ,1
PQVLPVMH,1
PRASLAMT,1
PRGSLAMT,1
PRHSLAMT,1
PRLSLAMT,1
PRNFLQSR,1
PRNFPVAQ,1
PRVALAMT,1
PRVGLAMT,1
PRVLAEAM,1
PRVLLAMT,1
PRVSLAMT,1
PRVWLAMT,1
PSVSLAMT,1
PSVWLAMT,1
PTLLTEAP,1
PTVSLAMT,1
PTVWLAMT,1
PVHFDASV,0
PVILPIQA,1
PVNTFVHE,0
PYVGSGLY,0
PYVPVHFD,0
QAIYLALQ,1
QANFLGKI,0
QANKHIIV,0
QATNRNTD,0
QAVCSQKN,0
QAWIRGCR,0
QGNFLQSR,1
QHMDSSTS,0
QINSRWWC,0
QITLPKRP,1
QITLWQRP,1
QKNVACKN,0
QLSALVPK,0
QMIFEEHG,1
QMMKSRNL,0
QSYSTMSI,0
QTNCYQSY,0
RCELAAAM,0
RCKGTDVQ,0
RCKPVNTF,0
REAFRVFD,1
RETGSSKY,0
RGYSLGNW,0
RHGLDNYR,0
RINVALVP,0
RKILFLDG,1
RKVLFLDG,1
RNLCNIPC,0
RNLTKDRC,0
RNRCKGTD,0
RNTDGSTD,0
RQANFLGK,1
RQHMDSST,0
RQNYPIAL,1
RQNYPIVQ,1
RQVLFLEK,1
RQVNFLGK,1
RRANFLGK,1
RRVLAEAM,1
RRVNFLGK,1
RTPGSRNL,0
RVNVVNGK,0
RVQVVNGK,0
RWWCNDGR,0
SAASSSNY,0
SALLSSDI,0
SCNFPQIT,1
SDAYYADS,1
SDAYYTDS,1
SDCYYCDS,1
SDCYYTDS,1
SDEYYEDS,1
SDEYYTDS,1
SDGNGMNA,0
SDGYYTDS,1
SDITASVN,0
SDIYYTDS,1
SDLYYTDS,1
SDNYPIVQ,1
SDTYYADS,1
SDTYYCDS,1
SDTYYEDS,1
SDTYYGDS,1
SDTYYIDS,1
SDTYYLDS,1
SDTYYTDQ,1
SDTYYTDS,1
SDTYYTFS,1
SDTYYTGS,1
SDTYYTLS,1
SDTYYTQS,1
SEEYPIMI,1
SFIGMESA,1
SFNFGQIT,1
SFNFLQIT,1
SFNFPLIT,1
SFNFPPIT,1
SFNFPQDT,1
SFNFPQII,1
SFNFPQIT,1
SFNFPQVT,1
SFNSPQIT,1
SFNYPQIT,1
SFTFPQIT,1
SFTYYTDS,1
SFVFVVNG,1
SFYFPQIT,1
SGAFMTRG,1
SGALTNAV,0
SGAMVNQA,0
SGAYLIQG,1
SGGRINVA,0
SGIFLETS,1
SGIFVVNG,1
SGIMFESN,1
SGIMFQSA,1
SGINFESG,1
SGIYLVEN,1
SGIYTVQS,1
SGIYYSVS,1
SGLFTEYG,1
SGLTMVTQ,0
SGLYYVTE,1
SGMWFEAP,1
SGNFAAFS,1
SGNFVVNG,1
SGNMLVYS,1
SGNMVMFG,1
SGNYFVET,1
SGNYFVQG,1
SGNYLVTS,1
SGSYVEYQ,1
SGTFQVQL,1
SGTWMVHS,0
SGTYYTDS,1
SGTYYTGS,1
SGVFAVTQ,1
SGVFHVNG,1
SGVFQVNG,1
SGVFSVNG,0
SGVFTEER,1
SGVFVEMP,1
SGVFVENG,1
SGVFVETS,1
SGVFVNNG,0
SGVFVQNG,1
SGVFVVNG,1
SGVFVVQG,1
SGVFVVTG,1
SGVFYSRE,1
SGVFYTLV,0
SGVHFISR,1
SGVHVEYT,1
SGVLFVSS,1
SGVMFQTD,1
SGVMPTMS,1
SGVNVVNG,0
SGVQVVNG,0
SGVYHVST,1
SGVYLATD,1
SGVYQLSA,0
SITDCRET,0
SKAFLADT,1
SKDLIAEI,1
SKLLATVV,0
SKNYPIVQ,1
SKVLVVQP,1
SKYPNCAY,0
SLADVQAV,0
SLGNWVCA,0
SLNLPVAK,1
SLNLRETN,1
SLTYYTDS,1
SNFNTQAT,0
SNNYPIVQ,1
SNYCNQMM,0
SQAFPLRA,1
SQAYPIVQ,1
SQCYPIVQ,1
SQIYPIVQ,1
SQKNVACK,0
SQKYPIVQ,0
SQLYPIVQ,1
SQNFPIVQ,1
SQNMPIVQ,1
SQNPPIVQ,0
SQNSPIVQ,0
SQNYAIVQ,1
SQNYDIVQ,0
SQNYKIVQ,0
SQNYLIVQ,1
SQNYPAVQ,1
SQNYPIDQ,1
SQNYPIEQ,1
SQNYPIFQ,1
SQNYPIIQ,1
SQNYPILQ,1
SQNYPIVE,1
SQNYPIVL,1
SQNYPIVP,1
SQNYPIVQ,1
SQNYPKVQ,0
SQNYPLVQ,1
SQNYPNVQ,1
SQNYPTVQ,1
SQNYPVVQ,1
SQNYTIVQ,1
SQNYYIDQ,1
SQNYYIVQ,1
SQNYYNQS,1
SQNYYTDQ,1
SQNYYTVQ,1
SQQYPIVQ,0
SQTYPIVQ,1
SQTYYIDQ,1
SQTYYIVQ,1
SQTYYTDQ,1
SQTYYTDS,1
SQTYYTQS,1
SQTYYTVQ,1
SQVYPIVQ,1
SRNLCNIP,0
SRNLTKDR,0
SRSLYASS,1
SRVNVVNG,0
SRVQVVNG,0
SRWWCNDG,0
SSDITASV,0
SSKYPNCA,0
SSLYPALT,1
SSNYCNQM,0
SSSNYCNQ,0
SSTSAASS,0
STDYGILQ,0
STLLIENS,0
STMSITDC,0
STSAASSS,0
SVNCAKKI,0
SYNFPQIT,1
SYSTMSIT,0
TAAAKFER,0
TASVNCAK,0
TAVLVVQP,1
TDCRETGS,0
TDGSTDYG,0
TDVLVVQP,1
TDVQAWIR,0
TDYGILQI,0
TFNFPQIT,1
TFTFPVVF,1
TFVHESLA,0
TFVLVVQP,1
TGSSKYPN,0
TGVLVVQP,1
TKALVVQP,1
TKDLVVQP,1
TKDRCKPV,0
TKFLVVQP,1
TKILVVQP,1
TKKLVVQP,0
TKLLVVQP,1
TKNLVVQP,1
TKVAVVQP,1
TKVFVVQP,1
TKVGVVQP,1
TKVKVVQP,0
TKVLFVQP,1
TKVLIVQP,1
TKVLKVQP,0
TKVLLVQP,1
TKVLPVQP,1
TKVLSVQP,1
TKVLVVQP,1
TKVMVVQP,1
TKVYVVQP,1
TLNFPISP,1
TLNFPQIT,1
TLVLVVQP,1
TMSITDCR,0
TMVTQLVP,0
TNAVLVPK,0
TNCYQSYS,0
TNRNTDGS,0
TPGSRNLC,0
TQANKHII,0
TQATNRNT,0
TQDFWEVQ,1
TQIMFETF,1
TQNYPIVQ,1
TSAASSSN,0
TSCYCHGT,1
TSLLTLDD,0
TSVLVVQP,1
TTQANKHI,0
TVVLVVQP,1
TWMVHSLV,0
VACEGNPY,0
VACKNGQT,0
VAWRNRCK,0
VCAAKFES,0
VCSQKNVA,0
VEICTEME,1
VEVAEEEE,1
VFGRCELA,0
VFSVNGLV,0
VFVNNGLV,0
VHESLADV,0
VKVLVVQP,1
VNCAKKIV,0
VNQALVPK,0
VNTFVHES,0
VPVHFDAS,0
VQAVCSQK,0
VQAWIRGC,0
VSDGNGMN,0
VVAMPVVI,0
VYQLSALV,0
WCNDGRTP,0
WMVHSLVP,0
WRNRCKGT,0
WVAWRNRC,0
WVCAAKFE,0
WWCNDGRT,0
YCNQMMKS,0
YEEFVQMM,1
YFNFPQIT,1
YGILQINS,0
YKTTQANK,0
YPNCAYKT,0
YQLSALVP,0
YQSYSTMS,0
YRGYSLGN,0
YSLGNWVC,0
YSTMSITD,0
YVPVHFDA,0
